Disease ID	disease_name	disease_name.link	ICD9	ICD10
DIS00001	Abdominal aortic aneurysm	https://tcmsp-e.com/disease.php?qd=1	442	172
DIS00002	Abortion, Spontaneous	https://tcmsp-e.com/disease.php?qd=2	N/A	N/A
DIS00003	Achondroplasia	https://tcmsp-e.com/disease.php?qd=3	756.4	Q77.4
DIS00004	Acid-related diseases	https://tcmsp-e.com/disease.php?qd=4	531-534	K25-K27
DIS00005	Acne	https://tcmsp-e.com/disease.php?qd=5	706.1	L70.0
DIS00006	Acromegaly and pituitary gigantism	https://tcmsp-e.com/disease.php?qd=6	253	E22.0,E34.4
DIS00007	Acute allograft rejection	https://tcmsp-e.com/disease.php?qd=7	996.8	T86
DIS00008	Acute coronary syndromes	https://tcmsp-e.com/disease.php?qd=8	411.1	I20.0
DIS00009	Acute graft-versus-host disease	https://tcmsp-e.com/disease.php?qd=9	279.5	T86.0
DIS00010	Acute lymphoblastic leukaemia	https://tcmsp-e.com/disease.php?qd=10	208.9	C91-C95
DIS00011	Acute lymphoblastic leukaemia (therapy-refractory)	https://tcmsp-e.com/disease.php?qd=11	208.9	C91-C95
DIS00012	Acute lymphoblastic leukemia (ALL)	https://tcmsp-e.com/disease.php?qd=12	204.0	C91.0
DIS00013	Acute migraine	https://tcmsp-e.com/disease.php?qd=13	346.0	G43
DIS00014	Acute myeloid leukemia	https://tcmsp-e.com/disease.php?qd=14	205.0	C92.0
DIS00015	Acute myeloid leukemia (AML)	https://tcmsp-e.com/disease.php?qd=15	205.0	C92.0
DIS00016	Acute nasopharyngitis [common cold]	https://tcmsp-e.com/disease.php?qd=16	462,472.1	J02,J31.2
DIS00017	Acute non-lymphocytic leukaemia	https://tcmsp-e.com/disease.php?qd=17	208.9	C91-C95
DIS00018	Acute otitis media	https://tcmsp-e.com/disease.php?qd=18	381.0, 381.1, 381.2, 381.3, 381.4	H65, H66, H67
DIS00019	Acute promyelocytic leukemia	https://tcmsp-e.com/disease.php?qd=19	205.0	C92.4
DIS00020	Acute respiratory distress syndrome	https://tcmsp-e.com/disease.php?qd=20	518.5, 518.82	J80
DIS00021	Acute T-lymphoid leukemia	https://tcmsp-e.com/disease.php?qd=21	208.9	C91-C95
DIS00022	Acute ureteric colic	https://tcmsp-e.com/disease.php?qd=22	788.0	N23
DIS00023	Acutely decompensated Congestive Heart Failure	https://tcmsp-e.com/disease.php?qd=23	428.0	I50
DIS00024	Adenomatous polyposis	https://tcmsp-e.com/disease.php?qd=24	153,154	C18-C21
DIS00025	Adrenocortical tumour	https://tcmsp-e.com/disease.php?qd=25	140-199,210-229	C00-C75, C7A, C7B, D10-D36, D3A
DIS00026	Adrenocorticotrophic hormone-secreting pituitary tumors	https://tcmsp-e.com/disease.php?qd=26	140-199, 210-229	C00-C75, C7A, C7B, D10-D36, D3A
DIS00027	Adrenocorticotrophic hormone-secreting tumors	https://tcmsp-e.com/disease.php?qd=27	140-199, 210-229	C00-C75, C7A, C7B, D10-D36, D3A
DIS00028	Adult respiratory distress syndrome	https://tcmsp-e.com/disease.php?qd=28	518.5, 518.82	J80
DIS00029	Advanced cancers, age-related macular degeneration	https://tcmsp-e.com/disease.php?qd=29	140-229, 362.50	C00-C96, H35.3
DIS00030	Advanced lung cancer	https://tcmsp-e.com/disease.php?qd=30	140-229, 162	C00-C96, C33-C34
DIS00031	Advanced or metastatic non-small cell lung cancer	https://tcmsp-e.com/disease.php?qd=31	162	C33-C34
DIS00032	Advanced solid tumors	https://tcmsp-e.com/disease.php?qd=32	140-199	C00-C75, C7A, C7B
DIS00033	Advanced, Relapsed/Refractory Multiple Myeloma	https://tcmsp-e.com/disease.php?qd=33	203.0	C90.0
DIS00034	African trypanosomiasis	https://tcmsp-e.com/disease.php?qd=34	086.5	B56
DIS00035	Age-related macular degeneration	https://tcmsp-e.com/disease.php?qd=35	362.50	H35.3
DIS00036	Aggregation and activation of platelets	https://tcmsp-e.com/disease.php?qd=36	N/A	N/A
DIS00037	AIDS related dementia	https://tcmsp-e.com/disease.php?qd=37	042, 290-294	B20, F01-F07
DIS00038	AIDS-related Kaposi's Sarcoma	https://tcmsp-e.com/disease.php?qd=38	176	C46
DIS00039	Airway hyperreactivity	https://tcmsp-e.com/disease.php?qd=39	N/A	N/A
DIS00040	Alcohol dependence	https://tcmsp-e.com/disease.php?qd=40	303	F10.2
DIS00041	Alcoholism	https://tcmsp-e.com/disease.php?qd=41	086.5	B56
DIS00042	Allergen-triggered inflammatory tissue injury	https://tcmsp-e.com/disease.php?qd=42	N/A	N/A
DIS00043	Allergic airway inflammation	https://tcmsp-e.com/disease.php?qd=43	N/A	N/A
DIS00044	Allergic diseases	https://tcmsp-e.com/disease.php?qd=44	995.3	T78.4
DIS00045	Allergic inflammation	https://tcmsp-e.com/disease.php?qd=45	995.3	T78.4
DIS00046	Allergic Reaction	https://tcmsp-e.com/disease.php?qd=46	995.3	T78.4
DIS00047	Allergic rhinitis, unspecified	https://tcmsp-e.com/disease.php?qd=47	472.0, 477, 995.3	J00, J30, J31.0, T78.4
DIS00048	Allergy, unspecified	https://tcmsp-e.com/disease.php?qd=48	995.3	T78.4
DIS00049	Alopecia, unspecified	https://tcmsp-e.com/disease.php?qd=49	704.09	L65.9
DIS00050	Alpha 1 Antitrypsin Deficiency	https://tcmsp-e.com/disease.php?qd=50	273.4, 691.8, 692.9	E88.0, L20, L20-L30
DIS00051	Alzheimer's Disease	https://tcmsp-e.com/disease.php?qd=51	331.0	G30
DIS00052	Amebiasis	https://tcmsp-e.com/disease.php?qd=52	006	A06
DIS00053	Amyloidosis	https://tcmsp-e.com/disease.php?qd=53	277.3	E85
DIS00054	Amyotrophic lateral sclerosis	https://tcmsp-e.com/disease.php?qd=54	335.20	G12.2
DIS00055	Analgesics	https://tcmsp-e.com/disease.php?qd=55	338	R52
DIS00056	Anaplastic Large Cell Lymphomas	https://tcmsp-e.com/disease.php?qd=56	202.8	C81-C96
DIS00057	Androgen-dependent diseases	https://tcmsp-e.com/disease.php?qd=57	N/A	N/A
DIS00058	Anemia	https://tcmsp-e.com/disease.php?qd=58	280-285	D50-D64
DIS00059	Anemia, unspecified	https://tcmsp-e.com/disease.php?qd=59	280-285	D50-D64
DIS00060	Anesthesia	https://tcmsp-e.com/disease.php?qd=60	338	R52
DIS00061	Anesthetic	https://tcmsp-e.com/disease.php?qd=61	338	R52
DIS00062	Angina	https://tcmsp-e.com/disease.php?qd=62	413	I20
DIS00063	Angina pectoris	https://tcmsp-e.com/disease.php?qd=63	413	I20
DIS00064	Angioedema	https://tcmsp-e.com/disease.php?qd=64	277.6	D84.1
DIS00065	Angiogenesis	https://tcmsp-e.com/disease.php?qd=65	N/A	N/A
DIS00066	Angiogenesis in metastatic and atherosclerotic processes	https://tcmsp-e.com/disease.php?qd=66	N/A	N/A
DIS00067	Anorexia nervosa	https://tcmsp-e.com/disease.php?qd=67	307.1	F50.0-F50.1
DIS00068	Anthrax infection	https://tcmsp-e.com/disease.php?qd=68	001-139, 022	A00-B99, A22
DIS00069	Anticoagulant	https://tcmsp-e.com/disease.php?qd=69	995.0	T78.2
DIS00070	Antigen-induced decrease in coronary flow and cardiac anaphylaxis	https://tcmsp-e.com/disease.php?qd=70	995.0	T78.2
DIS00071	Antiphospholipid syndrome	https://tcmsp-e.com/disease.php?qd=71	289.81	D68.8
DIS00072	Anxiety disorder, unspecified	https://tcmsp-e.com/disease.php?qd=72	300	F40-F42
DIS00073	Anxiety Disorders	https://tcmsp-e.com/disease.php?qd=73	300	F40-F42
DIS00074	Arterial embolism and thrombosis	https://tcmsp-e.com/disease.php?qd=74	437.6, 444.9, 453, 671.5, 671.9	I74, I80-I82, I82, O88, T79.0-T79.1
DIS00075	Arthritis	https://tcmsp-e.com/disease.php?qd=75	710-719	M00-M25
DIS00076	Arthritis, Rheumatoid	https://tcmsp-e.com/disease.php?qd=76	696.0, 710-719, 714	L40.5, M00-M25, M05-M06, M07
DIS00077	Asthma	https://tcmsp-e.com/disease.php?qd=77	493	J45
DIS00078	Asthmatic bronchial mucosal inflammation	https://tcmsp-e.com/disease.php?qd=78	N/A	N/A
DIS00079	Atherosclerosis	https://tcmsp-e.com/disease.php?qd=79	414.0, 440	I70
DIS00080	Atherosclerotic cardiovascular disease	https://tcmsp-e.com/disease.php?qd=80	390-459	I00-I99
DIS00081	Atopic asthma	https://tcmsp-e.com/disease.php?qd=81	493	J45
DIS00082	Atopic Dermatitis	https://tcmsp-e.com/disease.php?qd=82	691.8	L20
DIS00083	Atrial fibrillation and flutter	https://tcmsp-e.com/disease.php?qd=83	427.31, 487, 488	I48, J10, J11
DIS00084	Attention-deficit hyperactivity disorder	https://tcmsp-e.com/disease.php?qd=84	314.0	F90
DIS00085	Attenuated coronary flow reserve and myocardial dysfunction	https://tcmsp-e.com/disease.php?qd=85	410	I21, I22
DIS00086	Autoimmune and sudden sensorineural hearing loss	https://tcmsp-e.com/disease.php?qd=86	389	H90-H91
DIS00087	Autoimmune cardiomyopathy	https://tcmsp-e.com/disease.php?qd=87	N/A	N/A
DIS00088	Autoimmune Diseases	https://tcmsp-e.com/disease.php?qd=88	279.4	D84.9, M35.9
DIS00089	B cell acute lymphoblastic leukemia (B-ALL)	https://tcmsp-e.com/disease.php?qd=89	204.0, 208.9	C91-C95, C91.0
DIS00090	B cell immunodeficiency	https://tcmsp-e.com/disease.php?qd=90	279.3	D84.9
DIS00091	B12 deficiency	https://tcmsp-e.com/disease.php?qd=91	266.2	E53.8
DIS00092	Bacillus subtilis infections	https://tcmsp-e.com/disease.php?qd=92	001-139	A00-B99
DIS00093	Bacterial Infections	https://tcmsp-e.com/disease.php?qd=93	001-009, 010-018, 020-027, 030-041, 080-088, 090-099, 100-104	A00-A09, A15-A19, A20-A28, A30-A49, A65-A69, A70-A74, A75-A79
DIS00094	Basal cell carcinoma	https://tcmsp-e.com/disease.php?qd=94	173	C44
DIS00095	B-cell lymphoma	https://tcmsp-e.com/disease.php?qd=95	202.8	C85.1
DIS00096	B-cell malignancies	https://tcmsp-e.com/disease.php?qd=96	202.8	C85.1
DIS00097	Behcet's disease	https://tcmsp-e.com/disease.php?qd=97	136.1	M35.2
DIS00098	Benign prostate hyperplasia	https://tcmsp-e.com/disease.php?qd=98	600	N40
DIS00099	Benign prostatic hyperplasia	https://tcmsp-e.com/disease.php?qd=99	600	N40
DIS00100	Bipolar Affective Disorder	https://tcmsp-e.com/disease.php?qd=100	296.0, 296.1, 296.4, 296.5, 296.6, 296.7, 296.8	F31
DIS00101	Bipolar Disorder	https://tcmsp-e.com/disease.php?qd=101	296.0, 296.1, 296.4, 296.5, 296.6, 296.7, 296.8	F31
DIS00102	Biventricular heart failure	https://tcmsp-e.com/disease.php?qd=102	428	I50
DIS00103	Bladder cancer	https://tcmsp-e.com/disease.php?qd=103	188	C67
DIS00104	Blepharospasm	https://tcmsp-e.com/disease.php?qd=104	333.81	G24.5
DIS00105	B-lineage malignancies	https://tcmsp-e.com/disease.php?qd=105	140-239	C00-C96
DIS00106	Blood, Blood Forming Organ Disorders, Unspecified	https://tcmsp-e.com/disease.php?qd=106	280-289	D50-D89
DIS00107	Bone Diseases, Metabolic	https://tcmsp-e.com/disease.php?qd=107	N/A	N/A
DIS00108	Bone disorders	https://tcmsp-e.com/disease.php?qd=108	710-739	M00-M99
DIS00109	Bone marrow transplant	https://tcmsp-e.com/disease.php?qd=109	279.5, 996	D89.8, T86
DIS00110	Bone Metastases	https://tcmsp-e.com/disease.php?qd=110	198.5	C79.51
DIS00111	Brain Cancer	https://tcmsp-e.com/disease.php?qd=111	191	C71
DIS00112	Brain inflammation	https://tcmsp-e.com/disease.php?qd=112	N/A	N/A
DIS00113	Brain injury	https://tcmsp-e.com/disease.php?qd=113	N/A	N/A
DIS00114	Brain ischemia	https://tcmsp-e.com/disease.php?qd=114	435, 437	G45.9, I67.8
DIS00115	Brain ischemic insult	https://tcmsp-e.com/disease.php?qd=115	435, 437	G45.9, I67.8
DIS00116	Brain tumors	https://tcmsp-e.com/disease.php?qd=116	191, 225.0	C71, D33
DIS00117	Breast cancer	https://tcmsp-e.com/disease.php?qd=117	174, 175	C50
DIS00118	Breast cancer (hormone-sensitive)	https://tcmsp-e.com/disease.php?qd=118	140-229, 174, 175	C00-C96, C50
DIS00119	Breast Cancer, Cancers	https://tcmsp-e.com/disease.php?qd=119	N/A	N/A
DIS00120	Breast cancer, prostate cancer	https://tcmsp-e.com/disease.php?qd=120	140-229, 174, 175, 185	C00-C96, C50, C61
DIS00121	Breast Neoplasms	https://tcmsp-e.com/disease.php?qd=121	140-229, 140-239, 174, 175, 610-611	C00-C96, C00-C96, C00-D48, C50, N60-N64
DIS00122	Bronchial asthma	https://tcmsp-e.com/disease.php?qd=122	493	J45
DIS00123	Bronchiolar carcinoma	https://tcmsp-e.com/disease.php?qd=123	162	C34
DIS00124	Bronchoconstriction (cold air-induced)	https://tcmsp-e.com/disease.php?qd=124	493	J45
DIS00125	Bronchospasm (histamine induced)	https://tcmsp-e.com/disease.php?qd=125	728.85	R25.2
DIS00126	Burns and Burn Infections	https://tcmsp-e.com/disease.php?qd=126	001-139	A00-B99
DIS00127	Cachexia	https://tcmsp-e.com/disease.php?qd=127	799.4	R64
DIS00128	Cancer	https://tcmsp-e.com/disease.php?qd=128	N/A	N/A
DIS00129	Cancer (multidrug resistant)	https://tcmsp-e.com/disease.php?qd=129	140-229	C00-C96
DIS00130	Cancer, unspecific	https://tcmsp-e.com/disease.php?qd=130	140-229	C00-C96
DIS00131	Cancer, unspecified	https://tcmsp-e.com/disease.php?qd=131	140-229	C00-C96
DIS00132	Cancer-associated morbidity	https://tcmsp-e.com/disease.php?qd=132	140-229	C00-C96
DIS00133	Cancers	https://tcmsp-e.com/disease.php?qd=133	140-229	C00-C96
DIS00134	Carcinoma in situ, unspecified	https://tcmsp-e.com/disease.php?qd=134	230-234	D00-D09
DIS00135	Carcinoma, Non-Small-Cell Lung	https://tcmsp-e.com/disease.php?qd=135	162	C33, C34
DIS00136	Cardiac allograft vasculopathy	https://tcmsp-e.com/disease.php?qd=136	996.8	T86
DIS00137	Cardiac arrhythmias	https://tcmsp-e.com/disease.php?qd=137	427	I47-I49
DIS00138	Cardiac diseases	https://tcmsp-e.com/disease.php?qd=138	390-459	I00-I99
DIS00139	Cardiac dysrhythmias	https://tcmsp-e.com/disease.php?qd=139	427	I47-I49
DIS00140	Cardiac hypertrophy	https://tcmsp-e.com/disease.php?qd=140	429.3	I51.7
DIS00141	Cardiac Surgery	https://tcmsp-e.com/disease.php?qd=141	N/A	N/A
DIS00142	Cardiomyopathies	https://tcmsp-e.com/disease.php?qd=142	413, 428	I20, I50
DIS00143	Cardiovascular disease	https://tcmsp-e.com/disease.php?qd=143	390-459	I00-I99
DIS00144	Cardiovascular disease, unspecified	https://tcmsp-e.com/disease.php?qd=144	390-459	I00-I99
DIS00145	Cardiovascular Disorders	https://tcmsp-e.com/disease.php?qd=145	390-459	I00-I99
DIS00146	Cardiovascular Disorders (CVD)	https://tcmsp-e.com/disease.php?qd=146	390-459	I00-I99
DIS00147	Carpal tunnel syndrome	https://tcmsp-e.com/disease.php?qd=147	354	G56.0
DIS00148	Cell Carcinoma	https://tcmsp-e.com/disease.php?qd=148	157.4	C25.4
DIS00149	Central and peripheral nervous system diseases	https://tcmsp-e.com/disease.php?qd=149	320-389	G00-G99
DIS00150	Central nervous system diseases	https://tcmsp-e.com/disease.php?qd=150	294.1, 307.23, 314.00, 314.01, 320-322, 323, 331.0, 332, 333.4, 340, 344.1, 344.81, 348.0	A83-A86, B94.1, F02.2, F02.3, F90, F95.2, G00-G37, G83.5, G93.0
DIS00151	Central nervous system injury	https://tcmsp-e.com/disease.php?qd=151	N/A	N/A
DIS00152	Cerebral circulatory disorders	https://tcmsp-e.com/disease.php?qd=152	N/A	N/A
DIS00153	Cerebral edema	https://tcmsp-e.com/disease.php?qd=153	348.5	G93.6
DIS00154	Cerebral Infarction	https://tcmsp-e.com/disease.php?qd=154	N/A	N/A
DIS00155	Cerebral ischemia	https://tcmsp-e.com/disease.php?qd=155	459.89	I99.8
DIS00156	Cerebral oxidative damage	https://tcmsp-e.com/disease.php?qd=156	N/A	N/A
DIS00157	Cerebral vasospasm	https://tcmsp-e.com/disease.php?qd=157	443.9	I73.9
DIS00158	Cervical cancer	https://tcmsp-e.com/disease.php?qd=158	180	C53
DIS00159	Chagas' disease	https://tcmsp-e.com/disease.php?qd=159	86	B57
DIS00160	Chemotherapy-induced nausea and vomiting	https://tcmsp-e.com/disease.php?qd=160	787, 787.0	R11
DIS00161	Chemotherapy-induced thrombocytopenia	https://tcmsp-e.com/disease.php?qd=161	287.3, 287.4, 287.5	D69.6, P61.0
DIS00162	Childhood seizure disorders	https://tcmsp-e.com/disease.php?qd=162	345	G40
DIS00163	Cholestasis	https://tcmsp-e.com/disease.php?qd=163	576.2	K83.1
DIS00164	Chondrosarcoma	https://tcmsp-e.com/disease.php?qd=164	170.9	C41.9
DIS00165	Chronic airway inflammation	https://tcmsp-e.com/disease.php?qd=165	460-519	J00-J99
DIS00166	Chronic angina pectoris	https://tcmsp-e.com/disease.php?qd=166	413	I20
DIS00167	Chronic arthritis	https://tcmsp-e.com/disease.php?qd=167	710-719	M00-M25
DIS00168	Chronic bronchitis	https://tcmsp-e.com/disease.php?qd=168	491	J42
DIS00169	Chronic experimental allergic encephalomyelitis	https://tcmsp-e.com/disease.php?qd=169	204.0, 995.3	C91.0, T78.4
DIS00170	Chronic graft-versus-host disease	https://tcmsp-e.com/disease.php?qd=170	279.5	T86.0
DIS00171	Chronic heart failure	https://tcmsp-e.com/disease.php?qd=171	428	I50
DIS00172	Chronic hepatitis C	https://tcmsp-e.com/disease.php?qd=172	070.4, 070.5, 070.70	B17.1, B18.2
DIS00173	Chronic ileitis	https://tcmsp-e.com/disease.php?qd=173	555-558	K50-K52
DIS00174	Chronic inflammatory diseases	https://tcmsp-e.com/disease.php?qd=174	N/A	N/A
DIS00175	Chronic lung diseases	https://tcmsp-e.com/disease.php?qd=175	490-496, 770.7	J40-J44, J45, J47, P27.1
DIS00176	Chronic lymphocytic leukemia	https://tcmsp-e.com/disease.php?qd=176	204.1	C91.1
DIS00177	Chronic lymphocytic leukemia (CLL)	https://tcmsp-e.com/disease.php?qd=177	204.1, 208.9	C91-C95, C91.1
DIS00178	Chronic Myelogenous Leukemia (CML)	https://tcmsp-e.com/disease.php?qd=178	205.1, 208.9	C91-C95, C92.1
DIS00179	Chronic myeloid leukemia	https://tcmsp-e.com/disease.php?qd=179	205.1	C92.1
DIS00180	Chronic myeloproliferative diseases	https://tcmsp-e.com/disease.php?qd=180	205.1, 238.4, 289.89, 289.9	D47.1
DIS00181	Chronic obstructive pulmonary disease	https://tcmsp-e.com/disease.php?qd=181	490-492, 493, 494-496	J40-J44, J45, J47
DIS00182	Chronic Obstructive Pulmonary Disease (COPD)	https://tcmsp-e.com/disease.php?qd=182	460-519, 490-492, 493, 494-496	J00-J99, J40-J44, J45, J47
DIS00183	Chronic obstructive pulmonary disease, unspecified	https://tcmsp-e.com/disease.php?qd=183	460-519, 490-492, 494-496	J00-J99, J40-J44, J47
DIS00184	Chronic pain	https://tcmsp-e.com/disease.php?qd=184	338.2,780	R52.1-R52.2, G89
DIS00185	Chronic pathological pain	https://tcmsp-e.com/disease.php?qd=185	338780	R52, G89
DIS00186	Chronic Primary Insomnia	https://tcmsp-e.com/disease.php?qd=186	307.41, 307.42, 327.0, 780.51, 780.52	F51.0, G47.0
DIS00187	Chronic Renal Failure	https://tcmsp-e.com/disease.php?qd=187	585.9585.1-585.5403	N18
DIS00188	Chronic rhinitis	https://tcmsp-e.com/disease.php?qd=188	472.0, 477	J00, J30, J31.0
DIS00189	Chronic stable angina	https://tcmsp-e.com/disease.php?qd=189	413	I20
DIS00190	Chronic urticaria	https://tcmsp-e.com/disease.php?qd=190	708	L50
DIS00191	Clotting Disorders	https://tcmsp-e.com/disease.php?qd=191	286	D65-D69
DIS00192	Coagulative disorders	https://tcmsp-e.com/disease.php?qd=192	286	D65-D69
DIS00193	Cocaine dependence	https://tcmsp-e.com/disease.php?qd=193	304.2	F14.2
DIS00194	Cocaine overdose	https://tcmsp-e.com/disease.php?qd=194	304.2	F14.2
DIS00195	Coeliac disease	https://tcmsp-e.com/disease.php?qd=195	579	K90.0
DIS00196	Cognitive deficits	https://tcmsp-e.com/disease.php?qd=196	290-294, 294.0, 780.09, 780.9, 780.93	F01-F07, F04, R41.3
DIS00197	Cognitive deficits (age- and dementia-associated)	https://tcmsp-e.com/disease.php?qd=197	290-294	F01-F07
DIS00198	Colitis	https://tcmsp-e.com/disease.php?qd=198	N/A	N/A
DIS00199	Colon cancer	https://tcmsp-e.com/disease.php?qd=199	153, 154	C18-C21
DIS00200	Colorectal cancer	https://tcmsp-e.com/disease.php?qd=200	N/A	N/A
DIS00201	Colorectal Neoplasms	https://tcmsp-e.com/disease.php?qd=201	N/A	N/A
DIS00202	Conformational diseases (polymer formation associated liver disease)	https://tcmsp-e.com/disease.php?qd=202	570-574	K70-K77
DIS00203	Congestive Heart Failure	https://tcmsp-e.com/disease.php?qd=203	428	I50
DIS00204	Convulsions	https://tcmsp-e.com/disease.php?qd=204	780.3	R56.0
DIS00205	Coronary Artery Disease	https://tcmsp-e.com/disease.php?qd=205	410-414, 429.2	I20-I25
DIS00206	Coronary atherosclerosis	https://tcmsp-e.com/disease.php?qd=206	414.0, 440	I70
DIS00207	Coronary heart disease	https://tcmsp-e.com/disease.php?qd=207	414	I25.1
DIS00208	Coronary syndromes	https://tcmsp-e.com/disease.php?qd=208	411.1	I20.0
DIS00209	Coronaviruses infections	https://tcmsp-e.com/disease.php?qd=209	001-139	A00-B99
DIS00210	Cough	https://tcmsp-e.com/disease.php?qd=210	786.2	R05
DIS00211	Crescentic glomerulonephritis	https://tcmsp-e.com/disease.php?qd=211	580-582	N00, N01, N03, N18
DIS00212	Crohns's Disease	https://tcmsp-e.com/disease.php?qd=212	N/A	N/A
DIS00213	Crohns's Disease, unspecified	https://tcmsp-e.com/disease.php?qd=213	N/A	N/A
DIS00214	Cushing's disease	https://tcmsp-e.com/disease.php?qd=214	255	E24.0
DIS00215	Cushing's syndrome	https://tcmsp-e.com/disease.php?qd=215	255	E24
DIS00216	Cushing's syndrome (ACTH independent)	https://tcmsp-e.com/disease.php?qd=216	255	E24
DIS00217	Cutaneous leishmaniasis	https://tcmsp-e.com/disease.php?qd=217	007.1, 085.1-085.4	A07.1, B55.1
DIS00218	Cutaneous T-Cell Lymphoma	https://tcmsp-e.com/disease.php?qd=218	202.1, 202.2	C84.0, C84.1
DIS00219	Cystic Fibrosis	https://tcmsp-e.com/disease.php?qd=219	277	E84
DIS00220	Cystitis	https://tcmsp-e.com/disease.php?qd=220	N/A	N/A
DIS00221	Cytokine-mediated diseases	https://tcmsp-e.com/disease.php?qd=221	N/A	N/A
DIS00222	Cytomegalovirus retinitis	https://tcmsp-e.com/disease.php?qd=222	78.5	B25.8, H30.9
DIS00223	Death	https://tcmsp-e.com/disease.php?qd=223	N/A	N/A
DIS00224	Delirium	https://tcmsp-e.com/disease.php?qd=224	293	F05
DIS00225	Delusional disorder	https://tcmsp-e.com/disease.php?qd=225	297.1	F22.0
DIS00226	Dementia	https://tcmsp-e.com/disease.php?qd=226	290-294	F01-F07
DIS00227	Dengue virus infection	https://tcmsp-e.com/disease.php?qd=227	001-139, 042-075, 061	A00-B99, A80-A99, A90, B00-B34
DIS00228	Depression	https://tcmsp-e.com/disease.php?qd=228	311	F32
DIS00229	Depressive Disorder	https://tcmsp-e.com/disease.php?qd=229	296.2, 296.3, 332	F02.3, F32, F33, G20
DIS00230	Depressive Disorder, Major	https://tcmsp-e.com/disease.php?qd=230	296.2, 296.3, 332	F02.3, F32, F33, G20
DIS00231	Dermatological disorders	https://tcmsp-e.com/disease.php?qd=231	N/A	N/A
DIS00232	Detrusor hyperreflexia	https://tcmsp-e.com/disease.php?qd=232	596.51	N32.81
DIS00233	Diabetes insipidus	https://tcmsp-e.com/disease.php?qd=233	250, 253.5, 307.6, 588.1, 788.30, 788.42	E08-E13, E23.2, F98.0, N25.1, R32, R35
DIS00234	Diabetes mellitus	https://tcmsp-e.com/disease.php?qd=234	250	E08-E13
DIS00235	Diabetes Mellitus Type 1 and 2	https://tcmsp-e.com/disease.php?qd=235	250	E08-E13
DIS00236	Diabetes Mellitus Type 2	https://tcmsp-e.com/disease.php?qd=236	250	E11
DIS00237	Diabetes Mellitus, Type 2	https://tcmsp-e.com/disease.php?qd=237	250	E08-E13
DIS00238	Diabetic cardiovascular dysfunction	https://tcmsp-e.com/disease.php?qd=238	250	E08-E13
DIS00239	Diabetic complications	https://tcmsp-e.com/disease.php?qd=239	250	E08-E13
DIS00240	Diabetic disorders	https://tcmsp-e.com/disease.php?qd=240	250	E08-E13
DIS00241	Diabetic endothelial dysfunction	https://tcmsp-e.com/disease.php?qd=241	250	E08-E13
DIS00242	Diabetic nephropathy	https://tcmsp-e.com/disease.php?qd=242	250.4	E10.2, E11.2, E13.2
DIS00243	Diabetic neuropathy	https://tcmsp-e.com/disease.php?qd=243	250.6	E10.4, E11.4, E13.4
DIS00244	Diabetic retinopathy	https://tcmsp-e.com/disease.php?qd=244	250.5	H36, E10.3, E11.3, E13.3
DIS00245	Diagnosis of pancreatic exocrine dysfunction and gastrinoma	https://tcmsp-e.com/disease.php?qd=245	157.4, 577.8	C25.4, K86.8
DIS00246	Diarrhea	https://tcmsp-e.com/disease.php?qd=246	N/A	N/A
DIS00247	Diarrhea (secretory)	https://tcmsp-e.com/disease.php?qd=247	787.91	A09, K59.1
DIS00248	Diarrhoea-predominant irritable bowel syndrome	https://tcmsp-e.com/disease.php?qd=248	564.1	K58
DIS00249	Dietary shortage	https://tcmsp-e.com/disease.php?qd=249	260-269	E40-E46
DIS00250	Dilated cardiomyopathy	https://tcmsp-e.com/disease.php?qd=250	425.4	I42.0
DIS00251	Disabling peak-dose dyskinesias	https://tcmsp-e.com/disease.php?qd=251	333.8	G24.9
DIS00252	Disorders associated with NMDAR hypofunction	https://tcmsp-e.com/disease.php?qd=252	N/A	N/A
DIS00253	Disorders of bone mineralization	https://tcmsp-e.com/disease.php?qd=253	N/A	N/A
DIS00254	Disorders of cystine excretion	https://tcmsp-e.com/disease.php?qd=254	N/A	N/A
DIS00255	Disorders of initiating and maintaining sleep [insomnias]	https://tcmsp-e.com/disease.php?qd=255	710	M32
DIS00256	Disseminated intravascular coagulation	https://tcmsp-e.com/disease.php?qd=256	286.6	D65
DIS00257	Documented iron deficiency	https://tcmsp-e.com/disease.php?qd=257	280.9	E61.1
DIS00258	Drug dependence	https://tcmsp-e.com/disease.php?qd=258	303-304	F10.2-F19.2
DIS00259	Drug Toxicity	https://tcmsp-e.com/disease.php?qd=259	N/A	N/A
DIS00260	Drug-induced dyskinesias	https://tcmsp-e.com/disease.php?qd=260	333.8	G24.9
DIS00261	Dry eye	https://tcmsp-e.com/disease.php?qd=261	370.33	H16.229
DIS00262	Dyskinesia	https://tcmsp-e.com/disease.php?qd=262	N/A	N/A
DIS00263	Dyslipidemia	https://tcmsp-e.com/disease.php?qd=263	272	E78
DIS00264	Dysmenorrhea, unspecified	https://tcmsp-e.com/disease.php?qd=264	625.3	N94.4-N94.6
DIS00265	Dyspnea	https://tcmsp-e.com/disease.php?qd=265	786.09	R06.0
DIS00266	Dysregulation of apoptosis	https://tcmsp-e.com/disease.php?qd=266	N/A	N/A
DIS00267	Eicosanoid-mediated disorders	https://tcmsp-e.com/disease.php?qd=267	N/A	N/A
DIS00268	Emotional diseases	https://tcmsp-e.com/disease.php?qd=268	312-314	F90-F98
DIS00269	Emphysema	https://tcmsp-e.com/disease.php?qd=269	492	J43
DIS00270	Endocrine independent cancer	https://tcmsp-e.com/disease.php?qd=270	140-229	C00-C96
DIS00271	Endometrial carcinoma	https://tcmsp-e.com/disease.php?qd=271	182	C54.1
DIS00272	Endometrial Neoplasms	https://tcmsp-e.com/disease.php?qd=272	140-239	C00-C96, C00-D48
DIS00273	Endometriosis	https://tcmsp-e.com/disease.php?qd=273	617	N80
DIS00274	Endotoxemia	https://tcmsp-e.com/disease.php?qd=274	N/A	N/A
DIS00275	Endotoxin-induced myocardial neutrophil accumulation and contractile dysfunction	https://tcmsp-e.com/disease.php?qd=275	N/A	N/A
DIS00276	Endotoxin-mediated diseases	https://tcmsp-e.com/disease.php?qd=276	N/A	N/A
DIS00277	Ependymoma	https://tcmsp-e.com/disease.php?qd=277	191, 225	C71, D33
DIS00278	Epidermal hyperplasia	https://tcmsp-e.com/disease.php?qd=278	N/A	N/A
DIS00279	Epilepsy	https://tcmsp-e.com/disease.php?qd=279	345	G40
DIS00280	Epileptic seizures	https://tcmsp-e.com/disease.php?qd=280	345.9, 780.3	G40, P90, R56
DIS00281	ER alpha-positive prostate tumors	https://tcmsp-e.com/disease.php?qd=281	140-199, 210-229	C00-C75, C7A, C7B, D10-D36, D3A
DIS00282	ER beta-positive prostate tumors	https://tcmsp-e.com/disease.php?qd=282	140-199, 210-229	C00-C75, C7A, C7B, D10-D36, D3A
DIS00283	Erectile dysfunction	https://tcmsp-e.com/disease.php?qd=283	302.72, 607.84	F52.2, N48.4
DIS00284	Esophageal Neoplasms	https://tcmsp-e.com/disease.php?qd=284	N/A	N/A
DIS00285	Esophageal squamous cell cancer	https://tcmsp-e.com/disease.php?qd=285	140-229	C00-C96
DIS00286	Essential (primary) hypertension	https://tcmsp-e.com/disease.php?qd=286	401	I10, I11, I12, I13, I15
DIS00287	Essential hypertension	https://tcmsp-e.com/disease.php?qd=287	325, 390-459, 401, 430-459	G45-G46, I00-I99, I10, I11, I12, I13, I15, I60-I95
DIS00288	Estrogen disorders	https://tcmsp-e.com/disease.php?qd=288	N/A	N/A
DIS00289	Ewing's sarcoma	https://tcmsp-e.com/disease.php?qd=289	140-229, 162, 170, 174, 175	C00-C96, C33, C34, C41, C50
DIS00290	Exanthema	https://tcmsp-e.com/disease.php?qd=290	N/A	N/A
DIS00291	Excessive collagen deposition	https://tcmsp-e.com/disease.php?qd=291	N/A	N/A
DIS00292	Excessive postoperative bleeding	https://tcmsp-e.com/disease.php?qd=292	459	R58
DIS00293	Eye inflammation	https://tcmsp-e.com/disease.php?qd=293	360-379	H00-H59
DIS00294	Fabry Disease	https://tcmsp-e.com/disease.php?qd=294	272.7	E75.2
DIS00295	Fatigue	https://tcmsp-e.com/disease.php?qd=295	780.71	R53.82
DIS00296	Febrile neutropenia	https://tcmsp-e.com/disease.php?qd=296	288	D70
DIS00297	Fever	https://tcmsp-e.com/disease.php?qd=297	477	J30
DIS00298	Fibrosing alveolitis	https://tcmsp-e.com/disease.php?qd=298	516.3	J84.1
DIS00299	Fibrosis	https://tcmsp-e.com/disease.php?qd=299	277	E84
DIS00300	Focal ischemia	https://tcmsp-e.com/disease.php?qd=300	459.89	I99.8
DIS00301	Folic acid deficiency	https://tcmsp-e.com/disease.php?qd=301	266.2	E53.8
DIS00302	Fractures, Bone	https://tcmsp-e.com/disease.php?qd=302	N/A	N/A
DIS00303	Frontal lobe epilepsy	https://tcmsp-e.com/disease.php?qd=303	345	G40
DIS00304	Fungal diseases	https://tcmsp-e.com/disease.php?qd=304	110-118	B35-B49
DIS00305	fungal infections	https://tcmsp-e.com/disease.php?qd=305	110-118	B35-B49
DIS00306	Gain weight in patients with morbid obesity	https://tcmsp-e.com/disease.php?qd=306	278	E66
DIS00307	Gastric acid hypersecretion	https://tcmsp-e.com/disease.php?qd=307	N/A	N/A
DIS00308	Gastric Cancer	https://tcmsp-e.com/disease.php?qd=308	140-229, 151, 188	C00-C96, C16, C67
DIS00309	Gastric disease	https://tcmsp-e.com/disease.php?qd=309	536, 750	K30-K31, Q40-Q41
DIS00310	Gastric emptying disorders	https://tcmsp-e.com/disease.php?qd=310	N/A	N/A
DIS00311	Gastric ulcer	https://tcmsp-e.com/disease.php?qd=311	531	K25
DIS00312	Gastrin sensitive tumours	https://tcmsp-e.com/disease.php?qd=312	140-199, 210-229	C00-C75, C7A, C7B, D10-D36, D3A
DIS00313	Gastroesophageal reflux disease	https://tcmsp-e.com/disease.php?qd=313	530	K21
DIS00314	Gastroesophageal Reflux Disease (GERD)	https://tcmsp-e.com/disease.php?qd=314	530	K21
DIS00315	Gastrointestinal adenocarcinomas	https://tcmsp-e.com/disease.php?qd=315	140-199	C00-C75, C7A, C7B
DIS00316	Gastrointestinal Cancers	https://tcmsp-e.com/disease.php?qd=316	150-159	C15-C26
DIS00317	Gastrointestinal Diseases and Disorders, miscellaneous	https://tcmsp-e.com/disease.php?qd=317	N/A	N/A
DIS00318	Gastrointestinal motility disorders	https://tcmsp-e.com/disease.php?qd=318	536.8	K30
DIS00319	Gastrointestinal Neoplasms	https://tcmsp-e.com/disease.php?qd=319	N/A	N/A
DIS00320	Gastrointestinal stromal tumors	https://tcmsp-e.com/disease.php?qd=320	150-159	C15-C26
DIS00321	Gastrointestinal Stromal Tumors (GIST)	https://tcmsp-e.com/disease.php?qd=321	140-199, 150-159, 210-229	C00-C75, C15-C26, C7A, C7B, D10-D36, D3A
DIS00322	Gastro-intestinal ulcers	https://tcmsp-e.com/disease.php?qd=322	531	K25
DIS00323	GCV-resistant HCMV	https://tcmsp-e.com/disease.php?qd=323	N/A	N/A
DIS00324	Genital warts	https://tcmsp-e.com/disease.php?qd=324	78.11	A63.0
DIS00325	Genitourinary tumors	https://tcmsp-e.com/disease.php?qd=325	140-199, 210-229	C00-C75, C7A, C7B, D10-D36, D3A
DIS00326	Geographic atrophy associated with age-related macular degeneration	https://tcmsp-e.com/disease.php?qd=326	362.5	H35.3
DIS00327	Gestational hypertension	https://tcmsp-e.com/disease.php?qd=327	401	I10, I11, I12, I13, I15
DIS00328	Giardiasis infections	https://tcmsp-e.com/disease.php?qd=328	001-139, 007.1	A00-B99, A07.1
DIS00329	Gilles de la Tourette's disorder	https://tcmsp-e.com/disease.php?qd=329	N/A	N/A
DIS00330	Glaucoma	https://tcmsp-e.com/disease.php?qd=330	365	H40-H42
DIS00331	Glial proliferation	https://tcmsp-e.com/disease.php?qd=331	N/A	N/A
DIS00332	Glioblastoma multiforme	https://tcmsp-e.com/disease.php?qd=332	191	C71
DIS00333	Glioblastoma Multiforme (GBM)	https://tcmsp-e.com/disease.php?qd=333	191	C71
DIS00334	Gliomas	https://tcmsp-e.com/disease.php?qd=334	191	C71
DIS00335	Glomerulonephritis	https://tcmsp-e.com/disease.php?qd=335	580-582	N00, N01, N03, N18
DIS00336	Gout	https://tcmsp-e.com/disease.php?qd=336	274	M10
DIS00337	Graft-versus-host disease, acute	https://tcmsp-e.com/disease.php?qd=337	279.5	T86.0
DIS00338	Graft-versus-host disease, chronic	https://tcmsp-e.com/disease.php?qd=338	279.5	T86.0
DIS00339	Gram-negative bacterial infection	https://tcmsp-e.com/disease.php?qd=339	001-009, 010-018, 020-027, 030-041, 080-088, 090-099, 100-104	A00-A09, A15-A19, A20-A28, A30-A49, A65-A69, A70-A74, A75-A79
DIS00340	Graves' disease	https://tcmsp-e.com/disease.php?qd=340	N/A	N/A
DIS00341	Growth Hormone Deficiencies/Abnormalities	https://tcmsp-e.com/disease.php?qd=341	N/A	N/A
DIS00342	Guillain-Barre syndrome	https://tcmsp-e.com/disease.php?qd=342	N/A	N/A
DIS00343	Haemorrhagic conditions	https://tcmsp-e.com/disease.php?qd=343	N/A	N/A
DIS00344	Hairy cell leukemia	https://tcmsp-e.com/disease.php?qd=344	202.4	C91.4
DIS00345	HCV infection	https://tcmsp-e.com/disease.php?qd=345	070.4, 070.5, 070.70	B17.1, B18.2
DIS00346	Head and Neck Cancer	https://tcmsp-e.com/disease.php?qd=346	140-149	C07-C14, C32-C33
DIS00347	Head and Neck Neoplasms	https://tcmsp-e.com/disease.php?qd=347	199	C44
DIS00348	Head and neck squamous cell carcinomas	https://tcmsp-e.com/disease.php?qd=348	199	C44
DIS00349	Head and neck tumors	https://tcmsp-e.com/disease.php?qd=349	140-199, 210-229	C00-C75, C7A, C7B, D10-D36, D3A
DIS00350	Hearing Loss	https://tcmsp-e.com/disease.php?qd=350	389	H90-H91
DIS00351	Heart Disease	https://tcmsp-e.com/disease.php?qd=351	390-429	I00-I52
DIS00352	Heart disease, unspecified	https://tcmsp-e.com/disease.php?qd=352	390-429	I00-I52
DIS00353	Heart Failure	https://tcmsp-e.com/disease.php?qd=353	428	I50
DIS00354	Heart transplant	https://tcmsp-e.com/disease.php?qd=354	996	T86
DIS00355	Helicobacter pylori infection	https://tcmsp-e.com/disease.php?qd=355	41.86	B96.81
DIS00356	Helminth infection	https://tcmsp-e.com/disease.php?qd=356	001-139	A00-B99
DIS00357	Hematological Malignancies	https://tcmsp-e.com/disease.php?qd=357	200-209	C81-C96
DIS00358	Hemorrhage	https://tcmsp-e.com/disease.php?qd=358	N/A	N/A
DIS00359	Heparin-induced thrombocytopenia type II	https://tcmsp-e.com/disease.php?qd=359	287.3, 287.4, 287.5	D69.6, P61.0
DIS00360	Hepatic fibrosis	https://tcmsp-e.com/disease.php?qd=360	709.2	L90.5
DIS00361	Hepatitis C	https://tcmsp-e.com/disease.php?qd=361	070.4, 070.5, 070.70	B17.1, B18.2
DIS00362	Hepatitis, Viral, C	https://tcmsp-e.com/disease.php?qd=362	573.3	K75.9
DIS00363	Hepatitis, virus not identified	https://tcmsp-e.com/disease.php?qd=363	573.3	K75.9
DIS00364	Hepatocellular carcinoma	https://tcmsp-e.com/disease.php?qd=364	155	C22.0
DIS00365	Hepatocellular Carcinoma (HCC)	https://tcmsp-e.com/disease.php?qd=365	155	C22.0
DIS00366	Hepatorenal syndrome	https://tcmsp-e.com/disease.php?qd=366	N/A	N/A
DIS00367	HER2-positive Metastatic Breast Cancer	https://tcmsp-e.com/disease.php?qd=367	174, 175	C50
DIS00368	Hereditary Angioedema	https://tcmsp-e.com/disease.php?qd=368	277.6	D84.1
DIS00369	Hereditary Angioedema (HAE)	https://tcmsp-e.com/disease.php?qd=369	277.6	D84.1
DIS00370	Hereditary Polyposis Syndromes	https://tcmsp-e.com/disease.php?qd=370	N/A	N/A
DIS00371	Heroin Dependence	https://tcmsp-e.com/disease.php?qd=371	N/A	N/A
DIS00372	Herpes virus infection	https://tcmsp-e.com/disease.php?qd=372	001-139, 042-075	A00-B99, A80-A99, B00-B34
DIS00373	Hirsutism	https://tcmsp-e.com/disease.php?qd=373	704.1	L68.0
DIS00374	HIV	https://tcmsp-e.com/disease.php?qd=374	42	B20
DIS00375	HIV Infection	https://tcmsp-e.com/disease.php?qd=375	42	B20
DIS00376	Hodgkins disease, unspecified	https://tcmsp-e.com/disease.php?qd=376	N/A	N/A
DIS00377	Homocysteine-related vascular disease	https://tcmsp-e.com/disease.php?qd=377	325, 430-459	G45-G46, I60-I95
DIS00378	Homocystinuria	https://tcmsp-e.com/disease.php?qd=378	N/A	N/A
DIS00379	Hormone Deficiencies	https://tcmsp-e.com/disease.php?qd=379	N/A	N/A
DIS00380	Hormone-refractory Prostate cancer	https://tcmsp-e.com/disease.php?qd=380	140-229, 185, 203.0, 208.9	C00-C96, C61, C90.0, C91-C95
DIS00381	Hot Flashes	https://tcmsp-e.com/disease.php?qd=381	N/A	N/A
DIS00382	Human cytomegalovirus infections	https://tcmsp-e.com/disease.php?qd=382	001-139, 078.5	A00-B99, B25
DIS00383	Human immunodeficiency virus [HIV] disease	https://tcmsp-e.com/disease.php?qd=383	279.3	D84.9
DIS00384	Huntington's disease	https://tcmsp-e.com/disease.php?qd=384	294.1, 333.4	F02.2, G10
DIS00385	Hydronephrosis	https://tcmsp-e.com/disease.php?qd=385	591	N13.0-N13.3
DIS00386	Hyperammonemia	https://tcmsp-e.com/disease.php?qd=386	270.6	E72.2
DIS00387	Hypercalcemia of malignancy	https://tcmsp-e.com/disease.php?qd=387	275.42	E83.5
DIS00388	Hypercholesterolaemia	https://tcmsp-e.com/disease.php?qd=388	N/A	N/A
DIS00389	Hypercholesterolemia	https://tcmsp-e.com/disease.php?qd=389	272	E78.0
DIS00390	Hypereosinophilic syndrome	https://tcmsp-e.com/disease.php?qd=390	288.3	D72.1
DIS00391	Hyperglycemia	https://tcmsp-e.com/disease.php?qd=391	790.29	R73.9
DIS00392	Hyperimmunoglobulinemia D	https://tcmsp-e.com/disease.php?qd=392	N/A	N/A
DIS00393	Hyperinflammatory provoked organ injury	https://tcmsp-e.com/disease.php?qd=393	N/A	N/A
DIS00394	Hyperinsulinemia	https://tcmsp-e.com/disease.php?qd=394	N/A	N/A
DIS00395	Hyperlipidemia	https://tcmsp-e.com/disease.php?qd=395	272.0-272.4	E78
DIS00396	Hyperparathyroidism, unspecified	https://tcmsp-e.com/disease.php?qd=396	252	E21
DIS00397	Hypertension	https://tcmsp-e.com/disease.php?qd=397	325, 390-459, 401, 430-459	G45-G46, I00-I99, I10, I11, I12, I13, I15, I60-I95
DIS00398	Hypertension, Angina	https://tcmsp-e.com/disease.php?qd=398	401, 413	I10, I11, I12, I13, I15, I20
DIS00399	Hypertensive vascular disease	https://tcmsp-e.com/disease.php?qd=399	325, 430-459	G45-G46, I60-I95
DIS00400	Hypertonicity of bladder	https://tcmsp-e.com/disease.php?qd=400	N/A	N/A
DIS00401	Hypertriglyceridemia	https://tcmsp-e.com/disease.php?qd=401	272.1	E78.1, E78.2, E78.3
DIS00402	Hypertrophic vascular disease	https://tcmsp-e.com/disease.php?qd=402	325, 430-459	G45-G46, I60-I95
DIS00403	Hypoglycemia	https://tcmsp-e.com/disease.php?qd=403	250.8, 251.0, 251.1, 251.2, 270.3, 775.6, 962.3	E16.0-E16.2
DIS00404	Hypogonadotropic hypogonadism	https://tcmsp-e.com/disease.php?qd=404	257.2	E23.0, E28.3, E29.1
DIS00405	Hypoinsulinemia	https://tcmsp-e.com/disease.php?qd=405	251.3	E89.1
DIS00406	Hyponatremia	https://tcmsp-e.com/disease.php?qd=406	276.1	E87.1
DIS00407	Hypotension	https://tcmsp-e.com/disease.php?qd=407	458.0, 780.7	I95.1, R53
DIS00408	Hypothalamic-pituitary ACTH function	https://tcmsp-e.com/disease.php?qd=408	253.7	E23.0, E89.3
DIS00409	Hypothermia	https://tcmsp-e.com/disease.php?qd=409	991.6	T68
DIS00410	Hypoxic-ischemic encephalopathy	https://tcmsp-e.com/disease.php?qd=410	768.7	P91.60
DIS00411	Idiopathic pulmonary fibrosis	https://tcmsp-e.com/disease.php?qd=411	516.3	J84.1
DIS00412	Immune disease	https://tcmsp-e.com/disease.php?qd=412	279.4	D84.9, M35.9
DIS00413	Immunodeficiency	https://tcmsp-e.com/disease.php?qd=413	279.3	D84.9
DIS00414	Immunosuppression	https://tcmsp-e.com/disease.php?qd=414	N/A	N/A
DIS00415	Infections	https://tcmsp-e.com/disease.php?qd=415	001-009, 010-018, 020-027, 030-041, 080-088, 090-099, 100-104	A00-A09, A15-A19, A20-A28, A30-A49, A65-A69, A70-A74, A75-A79
DIS00416	Inflammation	https://tcmsp-e.com/disease.php?qd=416	360-379	H00-H59
DIS00417	Inflammatory Bowel Disease	https://tcmsp-e.com/disease.php?qd=417	555, 556	K50, K51
DIS00418	Inflammatory diseases	https://tcmsp-e.com/disease.php?qd=418	360-379	H00-H59
DIS00419	Inflammatory diseases associated with hypoxia	https://tcmsp-e.com/disease.php?qd=419	799.02	R09.02
DIS00420	Inflammatory Disorders, Unspecified	https://tcmsp-e.com/disease.php?qd=420	N/A	N/A
DIS00421	Inflammatory lung disease	https://tcmsp-e.com/disease.php?qd=421	490-492,494-496	J40-J44, J47
DIS00422	Inflammatory neurological disease	https://tcmsp-e.com/disease.php?qd=422	N/A	N/A
DIS00423	Inflammatory pain	https://tcmsp-e.com/disease.php?qd=423	338780	R52, G89
DIS00424	Inflammatory response in alcoholic liver disease	https://tcmsp-e.com/disease.php?qd=424	570-574	K70-K77
DIS00425	Inflammatory skin disorder	https://tcmsp-e.com/disease.php?qd=425	N/A	N/A
DIS00426	Influenza A virus infection	https://tcmsp-e.com/disease.php?qd=426	001-139, 042-075, 487, 488	A00-B99, A80-A99, B00-B34, J10, J11
DIS00427	Influenza, virus not identified	https://tcmsp-e.com/disease.php?qd=427	487, 488	J10, J11
DIS00428	Injury to spine and spinal cord	https://tcmsp-e.com/disease.php?qd=428	767.4	G95.9, T09.3
DIS00429	Insomnia	https://tcmsp-e.com/disease.php?qd=429	300, 307.4	F40-F42, F51.0, G47.0
DIS00430	Insulin resistance	https://tcmsp-e.com/disease.php?qd=430	N/A	N/A
DIS00431	Insulin resistance (obesity-related)	https://tcmsp-e.com/disease.php?qd=431	N/A	N/A
DIS00432	Insulin-dependent diabetes mellitus	https://tcmsp-e.com/disease.php?qd=432	250	E08-E13
DIS00433	Intestinal ischemia-reperfusion associated with lung injury and the acute respiratory distress syndrome	https://tcmsp-e.com/disease.php?qd=433	N/A	N/A
DIS00434	Intimal hyperplasia	https://tcmsp-e.com/disease.php?qd=434	N/A	N/A
DIS00435	Intrahepatic cholestasis	https://tcmsp-e.com/disease.php?qd=435	576.2	K83.1
DIS00436	Invasive candidiasis	https://tcmsp-e.com/disease.php?qd=436	112	B37
DIS00437	Iron-deficiency anemia	https://tcmsp-e.com/disease.php?qd=437	280	D50
DIS00438	Irritable bowel syndrome	https://tcmsp-e.com/disease.php?qd=438	564.1	K58
DIS00439	Irritable Bowel Syndrome (IBS)	https://tcmsp-e.com/disease.php?qd=439	250, 250.00, 250.02, 278, 564.1	E08-E13, E11, E66, K58
DIS00440	Irritation	https://tcmsp-e.com/disease.php?qd=440	360-379	H00-H59
DIS00441	Ischemia	https://tcmsp-e.com/disease.php?qd=441	459.89	I99.8
DIS00442	Ischemia reperfusion injuries	https://tcmsp-e.com/disease.php?qd=442	459.89	I99.8
DIS00443	Ischemic heart disease	https://tcmsp-e.com/disease.php?qd=443	410-414	I20-I25
DIS00444	Ischemic injury of the liver	https://tcmsp-e.com/disease.php?qd=444	N/A	N/A
DIS00445	Ischemic Stroke	https://tcmsp-e.com/disease.php?qd=445	434.91	I61-I63
DIS00446	Kaposi's Sarcoma	https://tcmsp-e.com/disease.php?qd=446	176	C46
DIS00447	Kidney Cancer	https://tcmsp-e.com/disease.php?qd=447	189	C64
DIS00448	Kidney Disease	https://tcmsp-e.com/disease.php?qd=448	280	D50, N00-N29
DIS00449	Kidney Transplantation	https://tcmsp-e.com/disease.php?qd=449	996	T86
DIS00450	Kinetoplastida parasite infection	https://tcmsp-e.com/disease.php?qd=450	001-139	A00-B99
DIS00451	Korsakov's alcoholic psychosis	https://tcmsp-e.com/disease.php?qd=451	290-299	F20-F29
DIS00452	Lasting tachycardia	https://tcmsp-e.com/disease.php?qd=452	427, 785.0	I47-I49, R00.0
DIS00453	Late-stage Solid tumors	https://tcmsp-e.com/disease.php?qd=453	140-199, 200, 202, 202.8, 210-229	C00-C75, C7A, C7B, C81-C96, C82-C85, D10-D36, D3A
DIS00454	Leishmania Infections	https://tcmsp-e.com/disease.php?qd=454	001-139, 296.0, 296.4, 296.6	A00-B99, F30
DIS00455	Leprosy, unspecified	https://tcmsp-e.com/disease.php?qd=455	030.9	A30.9
DIS00456	Lesch-Nyhan syndrome	https://tcmsp-e.com/disease.php?qd=456	277.2	E79.2
DIS00457	Leukemia, Lymphoid	https://tcmsp-e.com/disease.php?qd=457	208.9	C91-C95
DIS00458	Leukemia, Myeloid	https://tcmsp-e.com/disease.php?qd=458	208.9	C91-C95
DIS00459	Leukemia, Myeloid, Acute	https://tcmsp-e.com/disease.php?qd=459	205.0	E92.0
DIS00460	Leukemia, Unspecified	https://tcmsp-e.com/disease.php?qd=460	208.9	C91-C95
DIS00461	Lipid metabolic disorders	https://tcmsp-e.com/disease.php?qd=461	270-279	E70-E89
DIS00462	Lipodystrophy	https://tcmsp-e.com/disease.php?qd=462	272.6	E88.1
DIS00463	Liver Cancer	https://tcmsp-e.com/disease.php?qd=463	140-229, 155	C00-C96, C22.0
DIS00464	Liver cirrhosis	https://tcmsp-e.com/disease.php?qd=464	571	K70.3, K71.7, K74
DIS00465	Liver Disease	https://tcmsp-e.com/disease.php?qd=465	571.8	K76.0
DIS00466	Liver fibrogenesis	https://tcmsp-e.com/disease.php?qd=466	N/A	N/A
DIS00467	Local anesthesia	https://tcmsp-e.com/disease.php?qd=467	338	R52
DIS00468	Low high density lipoprotein syndromes	https://tcmsp-e.com/disease.php?qd=468	N/A	N/A
DIS00469	LPS-induced left ventricular dysfunction	https://tcmsp-e.com/disease.php?qd=469	428	I50
DIS00470	Lung adenocarcinomas	https://tcmsp-e.com/disease.php?qd=470	140-199	C00-C75, C7A, C7B
DIS00471	Lung Cancer	https://tcmsp-e.com/disease.php?qd=471	140-229, 162	C00-C96, C33-C34
DIS00472	Lung injury	https://tcmsp-e.com/disease.php?qd=472	N/A	N/A
DIS00473	Lung Neoplasms	https://tcmsp-e.com/disease.php?qd=473	140-229, 162	C00-C96, C33-C34
DIS00474	Lymphangiomatosis	https://tcmsp-e.com/disease.php?qd=474	N/A	N/A
DIS00475	Lymphoblast tumor	https://tcmsp-e.com/disease.php?qd=475	140-199, 210-229	C00-C75, C7A, C7B, D10-D36, D3A
DIS00476	Lymphoma	https://tcmsp-e.com/disease.php?qd=476	202.1, 202.2	C84.0, C84.1
DIS00477	Lymphoma, B-Cell	https://tcmsp-e.com/disease.php?qd=477	202.8	C81-C96
DIS00478	Lymphoma, Follicular	https://tcmsp-e.com/disease.php?qd=478	200, 202, 202.8	C81-C96, C82-C85
DIS00479	Lymphoma, Large B-Cell, Diffuse	https://tcmsp-e.com/disease.php?qd=479	202.8	C81-C96
DIS00480	Lymphoma, Large-Cell, Diffuse	https://tcmsp-e.com/disease.php?qd=480	N/A	N/A
DIS00481	Lymphoma, Non-Hodgkin	https://tcmsp-e.com/disease.php?qd=481	183, 200, 200.0, 200.4, 201, 202, 202.8	C56, C81, C81-C96, C82-C85, C83.3, C85.1, C85.7
DIS00482	Lymphoma, Non-Hodgkin's	https://tcmsp-e.com/disease.php?qd=482	183, 200, 200.0, 200.4, 201, 202, 202.8	C56, C81, C81-C96, C82-C85, C83.3, C85.1, C85.7
DIS00483	Lymphoma, T-Cell	https://tcmsp-e.com/disease.php?qd=483	N/A	N/A
DIS00484	Lymphoma, Unspecified	https://tcmsp-e.com/disease.php?qd=484	200, 202, 202.8	C81-C96, C82-C85
DIS00485	Macular Degeneration	https://tcmsp-e.com/disease.php?qd=485	362.5	H35.3
DIS00486	Macular edema	https://tcmsp-e.com/disease.php?qd=486	362.07	E08.3, E09.3, E10.3, E11.3, E13.3
DIS00487	Magnesium deficiency dermatitis	https://tcmsp-e.com/disease.php?qd=487	692.9	L20-L30
DIS00488	Major Depressive Disorder	https://tcmsp-e.com/disease.php?qd=488	296.2, 296.3, 332	F02.3, F32, F33, G20
DIS00489	Malaria	https://tcmsp-e.com/disease.php?qd=489	84	B50-B54
DIS00490	Male infertility	https://tcmsp-e.com/disease.php?qd=490	628	N97.0
DIS00491	Malignancies	https://tcmsp-e.com/disease.php?qd=491	200-209	C81-C96
DIS00492	Malignancy-associated hypercalcemia	https://tcmsp-e.com/disease.php?qd=492	275.42	E83.5
DIS00493	Malignant Gliomas	https://tcmsp-e.com/disease.php?qd=493	191	C71
DIS00494	Malignant hyperthermia	https://tcmsp-e.com/disease.php?qd=494	995.86	995.86
DIS00495	Malignant melanoma	https://tcmsp-e.com/disease.php?qd=495	172, 202.4, 208.9	C43, C91-C95, C91.4
DIS00496	Malignant mesothelioma	https://tcmsp-e.com/disease.php?qd=496	163	C45
DIS00497	Malignant pain	https://tcmsp-e.com/disease.php?qd=497	338780	R52, G89
DIS00498	Malignant phyllodes tumours	https://tcmsp-e.com/disease.php?qd=498	140-199, 210-229	C00-C75, C7A, C7B, D10-D36, D3A
DIS00499	Manic disorder	https://tcmsp-e.com/disease.php?qd=499	296.0,296.4,296.6	F30
DIS00500	McCune-Albright syndrome	https://tcmsp-e.com/disease.php?qd=500	756.54	Q78.1
DIS00501	Measure kidney function	https://tcmsp-e.com/disease.php?qd=501	N/A	N/A
DIS00502	Medullary thyroid cancer	https://tcmsp-e.com/disease.php?qd=502	193	C73
DIS00503	Medullary thyroid carcinoma	https://tcmsp-e.com/disease.php?qd=503	193	C73
DIS00504	Medulloblastoma	https://tcmsp-e.com/disease.php?qd=504	191	C71
DIS00505	Melanoma	https://tcmsp-e.com/disease.php?qd=505	172	C43
DIS00506	Melanoma metastasis	https://tcmsp-e.com/disease.php?qd=506	172	C43
DIS00507	Melanoma; Prostate cancer	https://tcmsp-e.com/disease.php?qd=507	140-229, 172, 185	C00-C96, C43, C61
DIS00508	Meningioma	https://tcmsp-e.com/disease.php?qd=508	225.2	C70, D32
DIS00509	Mesothelioma	https://tcmsp-e.com/disease.php?qd=509	163	C45
DIS00510	Metabolic Disease	https://tcmsp-e.com/disease.php?qd=510	270-279	E70-E89
DIS00511	Metabolic disorder, unspecified	https://tcmsp-e.com/disease.php?qd=511	270-279	E70-E89
DIS00512	Metabolic syndrome X	https://tcmsp-e.com/disease.php?qd=512	277.7	E88.81
DIS00513	Metastatic hormone refractory Prostate cancer	https://tcmsp-e.com/disease.php?qd=513	185	C61
DIS00514	Metastatic osteosarcoma in the lung	https://tcmsp-e.com/disease.php?qd=514	170	C40-C41
DIS00515	Methanol Poisoning	https://tcmsp-e.com/disease.php?qd=515	980.1, 982	T51.1, T52.3
DIS00516	Microbial infections	https://tcmsp-e.com/disease.php?qd=516	001-139	A00-B99
DIS00517	Migraine	https://tcmsp-e.com/disease.php?qd=517	346	G43
DIS00518	Migraine and Cluster Headaches	https://tcmsp-e.com/disease.php?qd=518	339.00, 339.01, 339.02, 346	G43, G44.0
DIS00519	Mitochondrial Diseases	https://tcmsp-e.com/disease.php?qd=519	277.87	E88.49
DIS00520	MLL-rearranged acute lymphoblastic leukemias	https://tcmsp-e.com/disease.php?qd=520	204.0, 208.9	C91-C95, C91.0
DIS00521	Moderate to Severe Plaque Psoriasis	https://tcmsp-e.com/disease.php?qd=521	696	L40
DIS00522	Mood [affective] disorders	https://tcmsp-e.com/disease.php?qd=522	296	F30-F39
DIS00523	Motion sickness	https://tcmsp-e.com/disease.php?qd=523	994.6	T75.3
DIS00524	Motor disorder	https://tcmsp-e.com/disease.php?qd=524	N/A	N/A
DIS00525	Motor neurone disease	https://tcmsp-e.com/disease.php?qd=525	335.2	G12.2
DIS00526	Mucociliary dysfunction	https://tcmsp-e.com/disease.php?qd=526	N/A	N/A
DIS00527	Multiple Myeloma	https://tcmsp-e.com/disease.php?qd=527	203	C90.0
DIS00528	Multiple organ failure	https://tcmsp-e.com/disease.php?qd=528	995.92	
DIS00529	Multiple Sclerosis	https://tcmsp-e.com/disease.php?qd=529	340	G35
DIS00530	Myelodysplastic Syndrome	https://tcmsp-e.com/disease.php?qd=530	238.7	D46
DIS00531	Myeloma disease	https://tcmsp-e.com/disease.php?qd=531	203	C90.0
DIS00532	Myeloneuropathy	https://tcmsp-e.com/disease.php?qd=532	N/A	N/A
DIS00533	Myocardial Infarction	https://tcmsp-e.com/disease.php?qd=533	410	I21-I22
DIS00534	Myocardial infarction (MI)	https://tcmsp-e.com/disease.php?qd=534	410	I21, I22
DIS00535	Myocardial ischemia	https://tcmsp-e.com/disease.php?qd=535	459.89	I99.8
DIS00536	Myocardial ischemia and reperfusion injury	https://tcmsp-e.com/disease.php?qd=536	459.89	I99.8
DIS00537	Nasopharyngeal Cancer (NPC)	https://tcmsp-e.com/disease.php?qd=537	140-229	C00-C96
DIS00538	Nausea and vomiting	https://tcmsp-e.com/disease.php?qd=538	698, 787, 787.0, 995.3	L29, R11, T78.4
DIS00539	Neonatal Hyperbilirubinemia, jaundice	https://tcmsp-e.com/disease.php?qd=539	773, 774, 782.4	P58, P59, R17
DIS00540	Neonatal jaundice	https://tcmsp-e.com/disease.php?qd=540	782.4	R17
DIS00541	Neoplasm Metastasis	https://tcmsp-e.com/disease.php?qd=541	140-199, 140-239, 210-229	C00-C75, C00-C96, C7A, C7B, D10-D36, D3A
DIS00542	Neoplasms	https://tcmsp-e.com/disease.php?qd=542	140-239	C00-C96, C00-D48
DIS00543	Neoplasms (CNS)	https://tcmsp-e.com/disease.php?qd=543	140-239	C00-D48
DIS00544	Neoplastic diseases	https://tcmsp-e.com/disease.php?qd=544	140-239.99	C00-D48
DIS00545	Nephrogenic diabetes insipidus	https://tcmsp-e.com/disease.php?qd=545	250, 253.5, 588.1	E08-E13, E23.2, N25.1
DIS00546	Nephrosis	https://tcmsp-e.com/disease.php?qd=546	591	N13.0-N13.3
DIS00547	Net blotch	https://tcmsp-e.com/disease.php?qd=547	N/A	N/A
DIS00548	Neural Tube Defects	https://tcmsp-e.com/disease.php?qd=548	740,741,742	Q00,Q01,Q05
DIS00549	Neuroblastoma	https://tcmsp-e.com/disease.php?qd=549	194	C74.9
DIS00550	Neurodegenerative diseases	https://tcmsp-e.com/disease.php?qd=550	330-337	G30-G32
DIS00551	Neuroendocrine tumors	https://tcmsp-e.com/disease.php?qd=551	209	C7A, C7B, D3A
DIS00552	Neurogenic bladder	https://tcmsp-e.com/disease.php?qd=552	188	C67
DIS00553	Neurogenic inflammation	https://tcmsp-e.com/disease.php?qd=553	N/A	N/A
DIS00554	Neuroimmunological diseases	https://tcmsp-e.com/disease.php?qd=554	N/A	N/A
DIS00555	Neuroleptic malignant syndrome	https://tcmsp-e.com/disease.php?qd=555	333.92	G21.0
DIS00556	Neurologic and psychiatric diseases	https://tcmsp-e.com/disease.php?qd=556	N/A	N/A
DIS00557	Neurologic Disorders	https://tcmsp-e.com/disease.php?qd=557	320-359	G00-G99
DIS00558	Neurological diseases	https://tcmsp-e.com/disease.php?qd=558	N/A	N/A
DIS00559	Neurological symptom	https://tcmsp-e.com/disease.php?qd=559	N/A	N/A
DIS00560	Neuronal injury	https://tcmsp-e.com/disease.php?qd=560	N/A	N/A
DIS00561	Neuropathic pain	https://tcmsp-e.com/disease.php?qd=561	338780	R52, G89
DIS00562	Neuropsychiatric disorders	https://tcmsp-e.com/disease.php?qd=562	290-319	F01-F99
DIS00563	Neurotoxicity Syndromes	https://tcmsp-e.com/disease.php?qd=563	N/A	N/A
DIS00564	Neutropenia	https://tcmsp-e.com/disease.php?qd=564	288	D70
DIS00565	Non-Hodgkin's Lymphoma	https://tcmsp-e.com/disease.php?qd=565	140-199, 200, 202, 202.8, 210-229	C00-C75, C7A, C7B, C81-C96, C82-C85, D10-D36, D3A
DIS00566	Non-Hodgkin's lymphoma, unspecified type	https://tcmsp-e.com/disease.php?qd=566	200, 202, 202.8	C81-C96, C82-C85
DIS00567	Noninsulin-dependent diabetes mellitus	https://tcmsp-e.com/disease.php?qd=567	250	E08-E13
DIS00568	Non-myeloid cancer	https://tcmsp-e.com/disease.php?qd=568	140-199	C00-C75, C7A, C7B
DIS00569	Non-small Cell Lung Cancer	https://tcmsp-e.com/disease.php?qd=569	140-229, 162, 204.0	C00-C96, C33, C33-C34, C34, C91.0
DIS00570	Non-small Cell Lung Cancer (NSCLC)	https://tcmsp-e.com/disease.php?qd=570	162	C33, C34
DIS00571	Not Available	https://tcmsp-e.com/disease.php?qd=571	N/A	N/A
DIS00572	Obesity	https://tcmsp-e.com/disease.php?qd=572	278	E66
DIS00573	Obsessive-compulsive disorder	https://tcmsp-e.com/disease.php?qd=573	300.3	F42
DIS00574	Obstructive airway disease	https://tcmsp-e.com/disease.php?qd=574	490-492, 494-496	J40-J44, J47
DIS00575	Occlusive peripheral vascular disease	https://tcmsp-e.com/disease.php?qd=575	325, 430-459, 443.9	G45-G46, I60-I95, I73.9
DIS00576	Ocular hypertension	https://tcmsp-e.com/disease.php?qd=576	365, 365.04	H40-H42, H40.0
DIS00577	Oesophageal cancer	https://tcmsp-e.com/disease.php?qd=577	140-229	C00-C96
DIS00578	Opioid dependence	https://tcmsp-e.com/disease.php?qd=578	304	F11.2
DIS00579	Opioid-induced bowel dysfunction	https://tcmsp-e.com/disease.php?qd=579	N/A	N/A
DIS00580	Opioid-Related Disorders	https://tcmsp-e.com/disease.php?qd=580	250, 250.6, 292, 304.0, 305.50, 356.0, 356.8	E08-E13, E10.4, E11.4, E13.4, F11, G64, G90.0
DIS00581	Oral cancer	https://tcmsp-e.com/disease.php?qd=581	140-146	C00-C08
DIS00582	Oral Facial Pain	https://tcmsp-e.com/disease.php?qd=582	338780	R52, G89
DIS00583	Organ rejection	https://tcmsp-e.com/disease.php?qd=583	279.5, 996	D89.8, T86
DIS00584	Oropharyngeal candidiasis	https://tcmsp-e.com/disease.php?qd=584	112	B37
DIS00585	Oropharyngeal squamous cell carcinoma	https://tcmsp-e.com/disease.php?qd=585	199	C44
DIS00586	Osteoarthritis	https://tcmsp-e.com/disease.php?qd=586	715	M15-M19, M47
DIS00587	Osteoarthritis pain	https://tcmsp-e.com/disease.php?qd=587	338, 715,780	M15-M19, M47, R52, G89
DIS00588	Osteolysis	https://tcmsp-e.com/disease.php?qd=588	N/A	N/A
DIS00589	Osteolytic metastatic cancer	https://tcmsp-e.com/disease.php?qd=589	140-229	C00-C96
DIS00590	Osteonecrosis	https://tcmsp-e.com/disease.php?qd=590	733.0, 733.4	M80-M81, M87
DIS00591	Osteopenic disorders	https://tcmsp-e.com/disease.php?qd=591	733.90	M85.8
DIS00592	Osteoporosis	https://tcmsp-e.com/disease.php?qd=592	733	M80-M81
DIS00593	Osteoporosis and other bone-related diseases	https://tcmsp-e.com/disease.php?qd=593	733	M80-M81
DIS00594	Osteoporosis, Postmenopausal	https://tcmsp-e.com/disease.php?qd=594	733	M80-M82
DIS00595	Osteoporosis, unspecified	https://tcmsp-e.com/disease.php?qd=595	733	M80-M81
DIS00596	Osteosarcoma	https://tcmsp-e.com/disease.php?qd=596	170	C40-C41
DIS00597	Ovarian cancer	https://tcmsp-e.com/disease.php?qd=597	183	C56
DIS00598	Ovarian Neoplasms	https://tcmsp-e.com/disease.php?qd=598	183, 220	C56
DIS00599	Overactive bladder disorder	https://tcmsp-e.com/disease.php?qd=599	188, 596.51	C67, N32.81
DIS00600	Over-expression of TF	https://tcmsp-e.com/disease.php?qd=600	N/A	N/A
DIS00601	Oxidative and free radical damage	https://tcmsp-e.com/disease.php?qd=601	N/A	N/A
DIS00602	Oxidative tissue injuries	https://tcmsp-e.com/disease.php?qd=602	N/A	N/A
DIS00603	Oxygen-induced retinopathy	https://tcmsp-e.com/disease.php?qd=603	362.0-362.2	H35-H35.2
DIS00604	P. aeruginosa infections	https://tcmsp-e.com/disease.php?qd=604	001-139	A00-B99
DIS00605	P. carinii pneumonia	https://tcmsp-e.com/disease.php?qd=605	480-486, 770.0	J12, J13, J14, J15, J16, J17, J18, P23
DIS00606	Paget's disease	https://tcmsp-e.com/disease.php?qd=606	731.0, 733.0	M80-M81, M88
DIS00607	Pain	https://tcmsp-e.com/disease.php?qd=607	789.0,338,780	R10, G89, R52
DIS00608	Pain (anesthesia, neuropathic)	https://tcmsp-e.com/disease.php?qd=608	338, 356.0, 356.8,780	G64, G90.0, R52, G89
DIS00609	Pain, Acute or Chronic	https://tcmsp-e.com/disease.php?qd=609	338780	R52, G89
DIS00610	Pain, unspecific	https://tcmsp-e.com/disease.php?qd=610	338780	R52, G89
DIS00611	Pain, unspecified	https://tcmsp-e.com/disease.php?qd=611	338780	R52, G89
DIS00612	Pancreatic Cancer	https://tcmsp-e.com/disease.php?qd=612	140-229, 157, 172, 185	C00-C96, C25, C43, C61
DIS00613	Pancreatic cancer, Prostate cancer	https://tcmsp-e.com/disease.php?qd=613	140-229, 157, 185	C00-C96, C25, C61
DIS00614	Pancreatic disease	https://tcmsp-e.com/disease.php?qd=614	577, 751.7	K85-K86, Q45.0-Q45.3
DIS00615	Pancreatic Neoplasms	https://tcmsp-e.com/disease.php?qd=615	157.0-157.9	C25
DIS00616	Pancreatic, prostate and a number of other cancers	https://tcmsp-e.com/disease.php?qd=616	140-229	C00-C96
DIS00617	Pancreatitis	https://tcmsp-e.com/disease.php?qd=617	577.0-577.1	K85, K86.0K86.1
DIS00618	Parasitic diseases	https://tcmsp-e.com/disease.php?qd=618	N/A	N/A
DIS00619	Parkinson Disease	https://tcmsp-e.com/disease.php?qd=619	332	G20, F02.3
DIS00620	Parkinsonian symptoms	https://tcmsp-e.com/disease.php?qd=620	N/A	N/A
DIS00621	Parkinson's disease	https://tcmsp-e.com/disease.php?qd=621	332	F02.3, G20
DIS00622	Pathological angiogenesis	https://tcmsp-e.com/disease.php?qd=622	N/A	N/A
DIS00623	P-chloroamphetamine-induced hyperglycemia	https://tcmsp-e.com/disease.php?qd=623	790.29	R73.9
DIS00624	Pediatric	https://tcmsp-e.com/disease.php?qd=624	N/A	N/A
DIS00625	Peptic ulcer	https://tcmsp-e.com/disease.php?qd=625	531-534	K25-K27
DIS00626	Periodic fever syndrome	https://tcmsp-e.com/disease.php?qd=626	780.6	R50
DIS00627	Periodontitis	https://tcmsp-e.com/disease.php?qd=627	523.4, 523.5	K05.3, K05.4
DIS00628	Peripheral and cutaneous T-cell lymphomas	https://tcmsp-e.com/disease.php?qd=628	202.1, 202.2, 202.8	C81-C96, C84.0, C84.1
DIS00629	Peripheral Nervous System Diseases	https://tcmsp-e.com/disease.php?qd=629	320-389	G00-G99
DIS00630	Peripheral neuroectodermal tumor	https://tcmsp-e.com/disease.php?qd=630	140-199, 210-229	C00-C75, C7A, C7B, D10-D36, D3A
DIS00631	Peripheral precocious puberty	https://tcmsp-e.com/disease.php?qd=631	259.1	E22.8, E30.1
DIS00632	Peripheral Vascular Disease	https://tcmsp-e.com/disease.php?qd=632	325, 430-459, 443.9	G45-G46, I60-I95, I73.9
DIS00633	Peutz-Jeghers syndrome	https://tcmsp-e.com/disease.php?qd=633	759.6	Q85.8
DIS00634	Peyronie's disease	https://tcmsp-e.com/disease.php?qd=634	607.85	N48.6
DIS00635	Pheochromocytoma	https://tcmsp-e.com/disease.php?qd=635	194.0, 227.0, 255.6	C74.1, D35.0
DIS00636	Philadelphia-positive leukemia	https://tcmsp-e.com/disease.php?qd=636	208.9	C91-C95
DIS00637	Photoaging	https://tcmsp-e.com/disease.php?qd=637	N/A	N/A
DIS00638	Photodynamic therapy	https://tcmsp-e.com/disease.php?qd=638	706.1	L70.0
DIS00639	Photodynamic tumor	https://tcmsp-e.com/disease.php?qd=639	140-199, 210-229	C00-C75, C7A, C7B, D10-D36, D3A
DIS00640	Phyllodes tumours	https://tcmsp-e.com/disease.php?qd=640	140-199, 210-229	C00-C75, C7A, C7B, D10-D36, D3A
DIS00641	Platelet adhesion	https://tcmsp-e.com/disease.php?qd=641	N/A	N/A
DIS00642	Pneumocystis infections	https://tcmsp-e.com/disease.php?qd=642	001-139	A00-B99
DIS00643	Polyarthritis, unspecified	https://tcmsp-e.com/disease.php?qd=643	N/A	N/A
DIS00644	Porphyrin-derived photocytotoxicity	https://tcmsp-e.com/disease.php?qd=644	N/A	N/A
DIS00645	Postherpetic neuralgia	https://tcmsp-e.com/disease.php?qd=645	053.19, 250, 250.6, 356.0, 356.8	B02.2, E08-E13, E10.4, E11.4, E13.4, G44.847, G53.0, G64, G90.0
DIS00646	Post-menopausal osteoporosis	https://tcmsp-e.com/disease.php?qd=646	627.2, 733.0	M80-M81, N95.0
DIS00647	Postmenopausal symptoms	https://tcmsp-e.com/disease.php?qd=647	627.2	N95.0
DIS00648	Postmenopausal Women with Osteoporosis	https://tcmsp-e.com/disease.php?qd=648	733	M80-M81
DIS00649	Postoperative nausea and vomiting	https://tcmsp-e.com/disease.php?qd=649	787, 787.0	R11
DIS00650	Postoperative residual curarisation	https://tcmsp-e.com/disease.php?qd=650	N/A	N/A
DIS00651	Precursor Cell Lymphoblastic Leukemia-Lymphoma	https://tcmsp-e.com/disease.php?qd=651	N/A	N/A
DIS00652	Predominantly eosinophil mediated disease states	https://tcmsp-e.com/disease.php?qd=652	N/A	N/A
DIS00653	Primary biliary cirrhosis	https://tcmsp-e.com/disease.php?qd=653	571.6	K74.3
DIS00654	Primary pulmonary hypertension	https://tcmsp-e.com/disease.php?qd=654	401, 416.0	I10, I11, I12, I13, I15, I27.0, I27.2
DIS00655	Prion diseases	https://tcmsp-e.com/disease.php?qd=655	N/A	N/A
DIS00656	Prokaryotic and eukaryotic anaerobic pathogens infections	https://tcmsp-e.com/disease.php?qd=656	001-139	A00-B99
DIS00657	Proliferative diseases	https://tcmsp-e.com/disease.php?qd=657	N/A	N/A
DIS00658	Proliferative vitreoretinopathy	https://tcmsp-e.com/disease.php?qd=658	N/A	N/A
DIS00659	Prostate cancer	https://tcmsp-e.com/disease.php?qd=659	185	C61
DIS00660	Prostate cancer (early stage hormone sensitive)	https://tcmsp-e.com/disease.php?qd=660	140-229, 185	C00-C96, C61
DIS00661	Prostate cancer (hormone refractory)	https://tcmsp-e.com/disease.php?qd=661	140-229, 185	C00-C96, C61
DIS00662	Prostate cancer (metastatic)	https://tcmsp-e.com/disease.php?qd=662	140-229, 185	C00-C96, C61
DIS00663	Prostate carcinoma	https://tcmsp-e.com/disease.php?qd=663	185	C61
DIS00664	Prostate Disorders	https://tcmsp-e.com/disease.php?qd=664	600	N40
DIS00665	Prostatic Neoplasms	https://tcmsp-e.com/disease.php?qd=665	N/A	N/A
DIS00666	Protection against chemical weapons like Sarin, Soman and VX gas	https://tcmsp-e.com/disease.php?qd=666	N/A	N/A
DIS00667	Pruritus in chronic liver disease	https://tcmsp-e.com/disease.php?qd=667	570-574, 698	K70-K77, L29
DIS00668	Psoriasis	https://tcmsp-e.com/disease.php?qd=668	696	L40
DIS00669	Psoriasis and Psoriatic Disorders	https://tcmsp-e.com/disease.php?qd=669	696	L40
DIS00670	Psychiatric illness	https://tcmsp-e.com/disease.php?qd=670	N/A	N/A
DIS00671	Psychosis	https://tcmsp-e.com/disease.php?qd=671	278, 290-299	E66, F20-F29
DIS00672	Pulmonary Disease, Chronic Obstructive	https://tcmsp-e.com/disease.php?qd=672	N/A	N/A
DIS00673	Pulmonary edema (thrombin-induced)	https://tcmsp-e.com/disease.php?qd=673	782.3	R60.9
DIS00674	Pulmonary fibrosis	https://tcmsp-e.com/disease.php?qd=674	516.3	J84.1
DIS00675	Pulmonary hypertension	https://tcmsp-e.com/disease.php?qd=675	416	I27.0, I27.2
DIS00676	Pyresis	https://tcmsp-e.com/disease.php?qd=676	N/A	N/A
DIS00677	Radiation enteropathy	https://tcmsp-e.com/disease.php?qd=677	N/A	N/A
DIS00678	Ras-dependent tumourigenesis	https://tcmsp-e.com/disease.php?qd=678	140-199, 210-229	C00-C75, C7A, C7B, D10-D36, D3A
DIS00679	Raynaud's syndrome	https://tcmsp-e.com/disease.php?qd=679	443	I73.0
DIS00680	Rectal Neoplasms	https://tcmsp-e.com/disease.php?qd=680	N/A	N/A
DIS00681	Recurrent Malignant Glioma	https://tcmsp-e.com/disease.php?qd=681	191	C71
DIS00682	Refractory Cutaneous T-cell Lymphoma (CTCL)	https://tcmsp-e.com/disease.php?qd=682	202.1, 202.2, 202.8	C81-C96, C84.0, C84.1
DIS00683	Refractory Hematological Malignancies	https://tcmsp-e.com/disease.php?qd=683	140-239, 200-209	C00-C96, C81-C96
DIS00684	Refractory partial epilepsy	https://tcmsp-e.com/disease.php?qd=684	345	G40
DIS00685	Refractory Renal Cell Carcinoma	https://tcmsp-e.com/disease.php?qd=685	189	C64
DIS00686	Refractory, Rare Sarcoma's	https://tcmsp-e.com/disease.php?qd=686	N/A	N/A
DIS00687	Relapsing-remitting multiple sclerosis	https://tcmsp-e.com/disease.php?qd=687	340	G35
DIS00688	Renal cancer	https://tcmsp-e.com/disease.php?qd=688	189	C64
DIS00689	Renal Cell Carcinoma	https://tcmsp-e.com/disease.php?qd=689	189	C64
DIS00690	Renal colic	https://tcmsp-e.com/disease.php?qd=690	788	N23
DIS00691	Renal diseases	https://tcmsp-e.com/disease.php?qd=691	580-599	N00-N39
DIS00692	Renal failure	https://tcmsp-e.com/disease.php?qd=692	584, 585	N17, N18, N19
DIS00693	Renal fibrosis	https://tcmsp-e.com/disease.php?qd=693	709.2	L90.5
DIS00694	Renal ischemia-reperfusion injury	https://tcmsp-e.com/disease.php?qd=694	459.89	I99.8
DIS00695	Renal transplant rejection	https://tcmsp-e.com/disease.php?qd=695	279.5, 996	D89.8, T86
DIS00696	Reperfusion Injury associated with Heart Attacks, or Acute Myocardial Infarction (AMI)	https://tcmsp-e.com/disease.php?qd=696	N/A	N/A
DIS00697	Reproductive disorder	https://tcmsp-e.com/disease.php?qd=697	600-629	N40-N99
DIS00698	Respiratory diseases	https://tcmsp-e.com/disease.php?qd=698	N/A	N/A
DIS00699	Respiratory distress syndrome	https://tcmsp-e.com/disease.php?qd=699	518.5, 518.82	J80
DIS00700	Restenosis	https://tcmsp-e.com/disease.php?qd=700	250, 250.00, 250.02, 250.4, 338, 437.6, 443.9, 453, 580-599, 671.5, 671.9,780	E08-E13, E10.2, E11, E11.2, E13.2, I73.9, I80-I82, N00-N29, R52, G89
DIS00701	Rheumatic diseases	https://tcmsp-e.com/disease.php?qd=701	N/A	N/A
DIS00702	Rheumatoid arthritis	https://tcmsp-e.com/disease.php?qd=702	714	M05, M06
DIS00703	Rheumatoid arthritis, unspecified	https://tcmsp-e.com/disease.php?qd=703	710-719, 714	M00-M25, M05-M06
DIS00704	Rheumatoid-arthritis	https://tcmsp-e.com/disease.php?qd=704	N/A	N/A
DIS00705	Riboflavin deficiency	https://tcmsp-e.com/disease.php?qd=705	N/A	N/A
DIS00706	Risk of administering penicillin	https://tcmsp-e.com/disease.php?qd=706	N/A	N/A
DIS00707	Salivary glands cancer	https://tcmsp-e.com/disease.php?qd=707	140-229	C00-C96
DIS00708	Sarcoma	https://tcmsp-e.com/disease.php?qd=708	176	C46
DIS00709	Scar Tissue	https://tcmsp-e.com/disease.php?qd=709	N/A	N/A
DIS00710	Schistosomiasis [bilharziasis]	https://tcmsp-e.com/disease.php?qd=710	120	B65
DIS00711	Schizophrenia	https://tcmsp-e.com/disease.php?qd=711	295	F20
DIS00712	Schizophrenia and Schizoaffective Disorders	https://tcmsp-e.com/disease.php?qd=712	295, 295.70	F20, F25
DIS00713	Seasonal allergic rhinitis	https://tcmsp-e.com/disease.php?qd=713	472.0, 477	J00, J30, J31.0
DIS00714	Sedation	https://tcmsp-e.com/disease.php?qd=714	338	R52
DIS00715	Seizure	https://tcmsp-e.com/disease.php?qd=715	345.4	G40.2
DIS00716	Seizures	https://tcmsp-e.com/disease.php?qd=716	345.4	G40.2
DIS00717	Seizures in epilepsy	https://tcmsp-e.com/disease.php?qd=717	345, 345.9, 780.3	G40, G40, P90, R56
DIS00718	Seizures of Lennox-Gastaut syndrome	https://tcmsp-e.com/disease.php?qd=718	345.9, 780.3	G40, P90, R56
DIS00719	Selenium deficiency	https://tcmsp-e.com/disease.php?qd=719	269.3	E59
DIS00720	Sepsis	https://tcmsp-e.com/disease.php?qd=720	995.0, 995.91	A40, A41, T78.2
DIS00721	Septic shock	https://tcmsp-e.com/disease.php?qd=721	785, 785.52	R57.8, R65.21
DIS00722	Severe acute respiratory syndrome	https://tcmsp-e.com/disease.php?qd=722	N/A	N/A
DIS00723	Severe Acute Respiratory Syndrome(SARS)	https://tcmsp-e.com/disease.php?qd=723	N/A	N/A
DIS00724	Severe Coronary Heart Disease	https://tcmsp-e.com/disease.php?qd=724	414	I25.1
DIS00725	Sexual arousal disorders	https://tcmsp-e.com/disease.php?qd=725	302.72	F52.22
DIS00726	Shy-Drager syndrome	https://tcmsp-e.com/disease.php?qd=726	N/A	N/A
DIS00727	Sickle cell anemia	https://tcmsp-e.com/disease.php?qd=727	280-285	D50-D64
DIS00728	Sinoatrial node dysfunction	https://tcmsp-e.com/disease.php?qd=728	N/A	N/A
DIS00729	Sitosterolemia	https://tcmsp-e.com/disease.php?qd=729	N/A	N/A
DIS00730	Sjogren-Larsson syndrome	https://tcmsp-e.com/disease.php?qd=730	757.1	Q87.1
DIS00731	Sjogren's syndrome	https://tcmsp-e.com/disease.php?qd=731	710.2	M35.0
DIS00732	Skeletal disorders	https://tcmsp-e.com/disease.php?qd=732	N/A	N/A
DIS00733	Skeletal muscle associated spasticity	https://tcmsp-e.com/disease.php?qd=733	N/A	N/A
DIS00734	Skeletal muscle wasting	https://tcmsp-e.com/disease.php?qd=734	N/A	N/A
DIS00735	Skeletal muscle weakness	https://tcmsp-e.com/disease.php?qd=735	728.87	M62.8
DIS00736	Skin cancer	https://tcmsp-e.com/disease.php?qd=736	172, 173	C43, C44
DIS00737	Skin diseases	https://tcmsp-e.com/disease.php?qd=737	N/A	N/A
DIS00738	Skin Infections/Disorders	https://tcmsp-e.com/disease.php?qd=738	680-709	L00-L99
DIS00739	Sleeping Sickness	https://tcmsp-e.com/disease.php?qd=739	N/A	N/A
DIS00740	Small cell lung cancer	https://tcmsp-e.com/disease.php?qd=740	140-229, 162, 162.9, 204.0	C00-C96, C33-C34, C34.90, C91.0
DIS00741	Smooth muscle hyperplasia	https://tcmsp-e.com/disease.php?qd=741	N/A	N/A
DIS00742	Social phobias	https://tcmsp-e.com/disease.php?qd=742	300.23	F40.1
DIS00743	Solid Tumor	https://tcmsp-e.com/disease.php?qd=743	140-199, 200, 202, 202.8, 210-229	C00-C75, C7A, C7B, C81-C96, C82-C85, D10-D36, D3A
DIS00744	Solid tumors	https://tcmsp-e.com/disease.php?qd=744	140-199, 200, 202, 202.8, 210-229	C00-C75, C7A, C7B, C81-C96, C82-C85, D10-D36, D3A
DIS00745	Specific cognitive deficits associated with aging and neurological diseases	https://tcmsp-e.com/disease.php?qd=745	N/A	N/A
DIS00746	Sphingolipid storage disorders	https://tcmsp-e.com/disease.php?qd=746	N/A	N/A
DIS00747	Spinal and bulbar muscular atrophy	https://tcmsp-e.com/disease.php?qd=747	728.2	M62.5
DIS00748	Spinal Muscular Atrophy	https://tcmsp-e.com/disease.php?qd=748	335.0-335.1	G12.0-G12.1
DIS00749	Squamous cell carcinoma	https://tcmsp-e.com/disease.php?qd=749	199	C44
DIS00750	Stiff-man syndrome	https://tcmsp-e.com/disease.php?qd=750	333.91	G25.82
DIS00751	Stomatitis	https://tcmsp-e.com/disease.php?qd=751	N/A	N/A
DIS00752	Streptococcus pneumoniae infections	https://tcmsp-e.com/disease.php?qd=752	001-139, 480-486, 770.0	A00-B99, J12, J13, J14, J15, J16, J17, J18, P23
DIS00753	Stress-related disorders	https://tcmsp-e.com/disease.php?qd=753	296	F30-F39
DIS00754	Stroke	https://tcmsp-e.com/disease.php?qd=754	434.91	I61-I63
DIS00755	Stromal ovarian tumors	https://tcmsp-e.com/disease.php?qd=755	140-199, 183, 210-229	C00-C75, C56, C7A, C7B, D10-D36, D3A
DIS00756	Substance-Related Disorders	https://tcmsp-e.com/disease.php?qd=756	N/A	N/A
DIS00757	Sustained ventricular tachycardia	https://tcmsp-e.com/disease.php?qd=757	427, 427.1, 785.0	I47-I49, I47.2, R00.0
DIS00758	Syndrome of inappropriate secretion of antidiuretic hormone	https://tcmsp-e.com/disease.php?qd=758	N/A	N/A
DIS00759	Systemic arterial vasodilation	https://tcmsp-e.com/disease.php?qd=759	N/A	N/A
DIS00760	Systemic Lupus Erythematosus	https://tcmsp-e.com/disease.php?qd=760	710	
DIS00761	Systemic Lupus Erythematosus (SLE)	https://tcmsp-e.com/disease.php?qd=761	695, 710.0	L51-L54, M32
DIS00762	Systemic-onset juvenile idiopathic arthritis	https://tcmsp-e.com/disease.php?qd=762	710-719	M00-M25
DIS00763	T cell leukemias	https://tcmsp-e.com/disease.php?qd=763	208.9	C91-C95
DIS00764	T(4;14) myeloma	https://tcmsp-e.com/disease.php?qd=764	203	C90.0
DIS00765	Tardive dyskinesia	https://tcmsp-e.com/disease.php?qd=765	333.85	G24.0
DIS00766	T-cell proliferation	https://tcmsp-e.com/disease.php?qd=766	N/A	N/A
DIS00767	Testicular cancer	https://tcmsp-e.com/disease.php?qd=767	140-229	C00-C96
DIS00768	Thrombocytopenia	https://tcmsp-e.com/disease.php?qd=768	287.3, 287.4, 287.5	D69.6, P61.0
DIS00769	Thromboembolic disease	https://tcmsp-e.com/disease.php?qd=769	437.6, 453, 671.5, 671.9	I80-I82
DIS00770	Thromboembolic disorders	https://tcmsp-e.com/disease.php?qd=770	437.6, 453, 671.5, 671.9	I80-I82
DIS00771	Thromboembolism	https://tcmsp-e.com/disease.php?qd=771	453	I80-I82
DIS00772	Thrombosis	https://tcmsp-e.com/disease.php?qd=772	414.8	I24.0
DIS00773	Thrombotic disease	https://tcmsp-e.com/disease.php?qd=773	N/A	N/A
DIS00774	Thyroid follicular carcinoma	https://tcmsp-e.com/disease.php?qd=774	N/A	N/A
DIS00775	Thyroid hormone resistance syndrome	https://tcmsp-e.com/disease.php?qd=775	N/A	N/A
DIS00776	Thyrotoxicosis [hyperthyroidism]	https://tcmsp-e.com/disease.php?qd=776	242.9	E05
DIS00777	Tissue injury	https://tcmsp-e.com/disease.php?qd=777	N/A	N/A
DIS00778	Tobacco Dependence	https://tcmsp-e.com/disease.php?qd=778	305.1	F17
DIS00779	Tobacco Use Disorder	https://tcmsp-e.com/disease.php?qd=779	N/A	N/A
DIS00780	Torsades de Pointes	https://tcmsp-e.com/disease.php?qd=780	N/A	N/A
DIS00781	Toxoplasma infections	https://tcmsp-e.com/disease.php?qd=781	001-139	A00-B99
DIS00782	Toxoplasmosis	https://tcmsp-e.com/disease.php?qd=782	130	B58
DIS00783	Transmissible spongiform encephalopathies	https://tcmsp-e.com/disease.php?qd=783	N/A	N/A
DIS00784	Transplant failure or rejection	https://tcmsp-e.com/disease.php?qd=784	N/A	N/A
DIS00785	Traumatic brain injuries	https://tcmsp-e.com/disease.php?qd=785	800, 801, 803, 804, 850-854	S06
DIS00786	Traumatic brain injury	https://tcmsp-e.com/disease.php?qd=786	800, 801, 803, 804, 850-854	S06
DIS00787	Traumatic head injury	https://tcmsp-e.com/disease.php?qd=787	800-879	S00.0S09
DIS00788	Treatment-refractory psychoses	https://tcmsp-e.com/disease.php?qd=788	290-299	F20-F29
DIS00789	Tremor, unspecified	https://tcmsp-e.com/disease.php?qd=789	781	R25.1
DIS00790	Trichomoniasis	https://tcmsp-e.com/disease.php?qd=790	131	A59
DIS00791	Trypanolytic infections	https://tcmsp-e.com/disease.php?qd=791	001-139	A00-B99
DIS00792	Trypanosomatid infections	https://tcmsp-e.com/disease.php?qd=792	001-139	A00-B99
DIS00793	Trypanosomiasis	https://tcmsp-e.com/disease.php?qd=793	86.5	B56
DIS00794	Tuberculosis	https://tcmsp-e.com/disease.php?qd=794	001-009, 010-018, 020-027, 030-041, 080-088, 090-099, 100-104	A00-A09, A15-A19, A20-A28, A30-A49, A65-A69, A70-A74, A75-A79
DIS00795	Tumor angiogenesis	https://tcmsp-e.com/disease.php?qd=795	140-199, 210-229	C00-C75, C7A, C7B, D10-D36, D3A
DIS00796	Tumor angiogenesis and metastasis	https://tcmsp-e.com/disease.php?qd=796	140-199, 210-229	C00-C75, C7A, C7B, D10-D36, D3A
DIS00797	Tumors	https://tcmsp-e.com/disease.php?qd=797	140-199, 200, 202, 202.8, 210-229	C00-C75, C7A, C7B, C81-C96, C82-C85, D10-D36, D3A
DIS00798	Type IV and V hyperlipidemia	https://tcmsp-e.com/disease.php?qd=798	272.0-272.4	E78
DIS00799	Tyrosinase-positive Melanomas	https://tcmsp-e.com/disease.php?qd=799	172	C43
DIS00800	Ulcerative colitis	https://tcmsp-e.com/disease.php?qd=800	555, 556, 556.9, 696, 696.0, 710-719, 714, 720.0	K50, K50-K52, K51, L40, L40.5, M00-M25, M05-M06, M07, M08.1, M45
DIS00801	Ulcers	https://tcmsp-e.com/disease.php?qd=801	528.2	K12.0
DIS00802	Urge incontinence	https://tcmsp-e.com/disease.php?qd=802	787.6, 788.3	N39.3-N39.4, R15, R32
DIS00803	Urinary Bladder Neoplasms	https://tcmsp-e.com/disease.php?qd=803	N/A	N/A
DIS00804	Urinary incontinence	https://tcmsp-e.com/disease.php?qd=804	788.3	N39.3, N39.4, R32
DIS00805	Urinary tract infection	https://tcmsp-e.com/disease.php?qd=805	001-139, 595, 599.0	A00-B99, N30, N39.0
DIS00806	Urinary tract infections	https://tcmsp-e.com/disease.php?qd=806	001-139, 595, 599.0	A00-B99, N30, N39.0
DIS00807	Urologic Neoplasms	https://tcmsp-e.com/disease.php?qd=807	N/A	N/A
DIS00808	Urological cancers	https://tcmsp-e.com/disease.php?qd=808	140-229	C00-C96
DIS00809	Varicose and spider veins of the leg	https://tcmsp-e.com/disease.php?qd=809	454-456, 671	I83, I85, I86
DIS00810	Vascular disease	https://tcmsp-e.com/disease.php?qd=810	390-459	I00-I99
DIS00811	Vascular Diseases	https://tcmsp-e.com/disease.php?qd=811	390-459, 411.1, 414.0, 440	I00-I99, I20.0, I25.1, I70
DIS00812	Vascular headache	https://tcmsp-e.com/disease.php?qd=812	339, 784.0	G43-G44, R51
DIS00813	Vascular injury response	https://tcmsp-e.com/disease.php?qd=813	N/A	N/A
DIS00814	Vascular lesion regression	https://tcmsp-e.com/disease.php?qd=814	N/A	N/A
DIS00815	Vasoconstriction	https://tcmsp-e.com/disease.php?qd=815	443	I73
DIS00816	Vasospasm	https://tcmsp-e.com/disease.php?qd=816	443.9	I73.9
DIS00817	Vasospastic angina	https://tcmsp-e.com/disease.php?qd=817	413	I20
DIS00818	Venous Thromboembolism	https://tcmsp-e.com/disease.php?qd=818	453	I80-I82
DIS00819	Ventricular dysfunction	https://tcmsp-e.com/disease.php?qd=819	N/A	N/A
DIS00820	Ventricular hypertrophy	https://tcmsp-e.com/disease.php?qd=820	N/A	N/A
DIS00821	Vertigo of central and peripheral origin	https://tcmsp-e.com/disease.php?qd=821	438.85, 780.4	H81, R42
DIS00822	Viral infection	https://tcmsp-e.com/disease.php?qd=822	042-075	A80-A99, B00-B34
DIS00823	Viral infection, unspecified	https://tcmsp-e.com/disease.php?qd=823	001-139, 042-075	A00-B99, A80-A99, B00-B34
DIS00824	viral infections	https://tcmsp-e.com/disease.php?qd=824	042-075	A80-A99, B00-B34
DIS00825	Visceral leishmaniasis	https://tcmsp-e.com/disease.php?qd=825	085.0, 110-118	B35-B49, B55.0
DIS00826	Visceral pain	https://tcmsp-e.com/disease.php?qd=826	338780	R52, G89
DIS00827	Vitamin A deficiency	https://tcmsp-e.com/disease.php?qd=827	N/A	N/A
DIS00828	Vitamin B12 deficiency	https://tcmsp-e.com/disease.php?qd=828	266.2	E53.8
DIS00829	Vitamin B6 deficiency	https://tcmsp-e.com/disease.php?qd=829	266.1	E53.1
DIS00830	Vitamin D deficiency	https://tcmsp-e.com/disease.php?qd=830	268	E55
DIS00831	Vomiting	https://tcmsp-e.com/disease.php?qd=831	698, 787, 787.0, 995.3	L29, R11, T78.4
DIS00832	Von Willebrand's disease	https://tcmsp-e.com/disease.php?qd=832	286.4	D68.0
DIS00833	Waldenstrom's macroglobulinemia	https://tcmsp-e.com/disease.php?qd=833	273.3	C88.0
DIS00834	Water-retaining diseases	https://tcmsp-e.com/disease.php?qd=834	N/A	N/A
DIS00835	West's syndrome	https://tcmsp-e.com/disease.php?qd=835	345.6	G40.4
DIS00836	X-linked congenital adrenal hypoplasia	https://tcmsp-e.com/disease.php?qd=836	N/A	N/A
DIS00837	Zollinger-Ellison syndrome	https://tcmsp-e.com/disease.php?qd=837	251.5	E16.4
DIS01001	Blood group, Yt system	https://tcmsp-e.com/disease.php?qd=1001	N/A	N/A
DIS01002	Androgen insensitivity	https://tcmsp-e.com/disease.php?qd=1002	259.5	?E34.51
DIS01003	Hypospadias 1, X-linked	https://tcmsp-e.com/disease.php?qd=1003	752.6	Q54
DIS01004	Spinal and bulbar muscular atrophy of Kennedy	https://tcmsp-e.com/disease.php?qd=1004	335.1	G12.1
DIS01005	XY disorders of sex development (Disorders in androgen synthesis or action)	https://tcmsp-e.com/disease.php?qd=1005	N/A	N/A
DIS01006	XY disorders of sex development (Other)	https://tcmsp-e.com/disease.php?qd=1006	N/A	N/A
DIS01007	Lyme disease?	https://tcmsp-e.com/disease.php?qd=1007	88.81	A69.2
DIS01008	Tropical calcific pancreatitis	https://tcmsp-e.com/disease.php?qd=1008	N/A	N/A
DIS01009	Hereditary pancreatitis	https://tcmsp-e.com/disease.php?qd=1009	N/A	N/A
DIS01010	Oropharyngeal candidiasis?	https://tcmsp-e.com/disease.php?qd=1010	N/A	N/A
DIS01011	syndrome 5A	https://tcmsp-e.com/disease.php?qd=1011	N/A	N/A
DIS01012	XX disorders of sex development (Disorders related to androgen excess)	https://tcmsp-e.com/disease.php?qd=1012	N/A	N/A
DIS01013	Other phagocyte defects	https://tcmsp-e.com/disease.php?qd=1013	N/A	N/A
DIS01014	Anemia due to disorders of glutathione metabolism	https://tcmsp-e.com/disease.php?qd=1014	N/A	N/A
DIS01015	Hypertension, early-onset, autosomal dominant, with exacerbation in pregnancy	https://tcmsp-e.com/disease.php?qd=1015	N/A	N/A
DIS01016	Pseudohypoaldosteronism type I, autosomal dominant	https://tcmsp-e.com/disease.php?qd=1016	N/A	N/A
DIS01017	Hyperkalemic distal renal tubular acidosis (RTA type 4)	https://tcmsp-e.com/disease.php?qd=1017	N/A	N/A
DIS01018	Injury to nervous tissue or neurons?	https://tcmsp-e.com/disease.php?qd=1018	N/A	N/A
DIS01019	Dysprothrombinemia	https://tcmsp-e.com/disease.php?qd=1019	286.3	D68.2
DIS01020	Hypoprothrombinemia	https://tcmsp-e.com/disease.php?qd=1020	286.3	D68.2
DIS01021	Atopy, susceptibility to	https://tcmsp-e.com/disease.php?qd=1021	N/A	N/A
DIS01022	albinism digenic	https://tcmsp-e.com/disease.php?qd=1022	270.2	E70.3
DIS01023	Albinism, oculocutaneous, type IA	https://tcmsp-e.com/disease.php?qd=1023	270.2	E70.3
DIS01024	Albinism, oculocutaneous, type IB	https://tcmsp-e.com/disease.php?qd=1024	270.2	E70.3
DIS01025	Melanoma, cutaneous malignant	https://tcmsp-e.com/disease.php?qd=1025	N/A	N/A
DIS01026	Skin/hair/eye pigmentation 3, blue/green eyes	https://tcmsp-e.com/disease.php?qd=1026	N/A	N/A
DIS01027	Skin/hair/eye pigmentation 3, light/dark/freckling skin	https://tcmsp-e.com/disease.php?qd=1027	N/A	N/A
DIS01028	Waardenburg syndrome	https://tcmsp-e.com/disease.php?qd=1028	270.2	E70.3
DIS01029	Oculocutaneous albinism (OCA)	https://tcmsp-e.com/disease.php?qd=1029	270.2	E70.3
DIS01030	Microvascular complications of diabetes 1	https://tcmsp-e.com/disease.php?qd=1030	N/A	N/A
