BindingDB Reactant_set_id	Ligand SMILES	Ligand InChI
2	O[C@@H]1[C@@H](O)[C@@H](Cc2ccccc2)N(C\C=C\c2cn[nH]c2)C(=O)N(C\C=C\c2cn[nH]c2)[C@@H]1Cc1ccccc1	InChI=1S/C31H34N6O3/c38-29-27(17-23-9-3-1-4-10-23)36(15-7-13-25-19-32-33-20-25)31(40)37(16-8-14-26-21-34-35-22-26)28(30(29)39)18-24-11-5-2-6-12-24/h1-14,19-22,27-30,38-39H,15-18H2,(H,32,33)(H,34,35)/b13-7+,14-8+/t27-,28-,29+,30+/m1/s1
3	O[C@@H]1[C@@H](O)[C@@H](Cc2ccccc2)N(CC2CC2)C(=O)N(C\C=C\c2cn[nH]c2)[C@@H]1Cc1ccccc1	InChI=1S/C29H34N4O3/c34-27-25(16-21-8-3-1-4-9-21)32(15-7-12-24-18-30-31-19-24)29(36)33(20-23-13-14-23)26(28(27)35)17-22-10-5-2-6-11-22/h1-12,18-19,23,25-28,34-35H,13-17,20H2,(H,30,31)/b12-7+/t25-,26-,27+,28+/m1/s1
4	OCCCCCCN1[C@H](Cc2ccccc2)[C@H](O)[C@@H](O)[C@@H](Cc2ccccc2)N(CC2CC2)C1=O	InChI=1S/C29H40N2O4/c32-18-10-2-1-9-17-30-25(19-22-11-5-3-6-12-22)27(33)28(34)26(20-23-13-7-4-8-14-23)31(29(30)35)21-24-15-16-24/h3-8,11-14,24-28,32-34H,1-2,9-10,15-21H2/t25-,26-,27+,28+/m1/s1
5	OCCCCCN1[C@H](Cc2ccccc2)[C@H](O)[C@@H](O)[C@@H](Cc2ccccc2)N(CC2CC2)C1=O	InChI=1S/C28H38N2O4/c31-17-9-3-8-16-29-24(18-21-10-4-1-5-11-21)26(32)27(33)25(19-22-12-6-2-7-13-22)30(28(29)34)20-23-14-15-23/h1-2,4-7,10-13,23-27,31-33H,3,8-9,14-20H2/t24-,25-,26+,27+/m1/s1
6	CCCCN1[C@H](Cc2ccccc2)[C@H](O)[C@@H](O)[C@@H](Cc2ccccc2)N(CC2CC2)C1=O	InChI=1S/C27H36N2O3/c1-2-3-16-28-23(17-20-10-6-4-7-11-20)25(30)26(31)24(18-21-12-8-5-9-13-21)29(27(28)32)19-22-14-15-22/h4-13,22-26,30-31H,2-3,14-19H2,1H3/t23-,24-,25+,26+/m1/s1
7	O[C@@H]1[C@@H](O)[C@@H](Cc2ccccc2)N(CC2CCC2)C(=O)N(CC2CCC2)[C@@H]1Cc1ccccc1	InChI=1S/C29H38N2O3/c32-27-25(17-21-9-3-1-4-10-21)30(19-23-13-7-14-23)29(34)31(20-24-15-8-16-24)26(28(27)33)18-22-11-5-2-6-12-22/h1-6,9-12,23-28,32-33H,7-8,13-20H2/t25-,26-,27+,28+/m1/s1
8	OCCCCCN1[C@H](Cc2ccccc2)[C@H](O)[C@@H](O)[C@@H](Cc2ccccc2)N(CCCCCO)C1=O	InChI=1S/C29H42N2O5/c32-19-11-3-9-17-30-25(21-23-13-5-1-6-14-23)27(34)28(35)26(22-24-15-7-2-8-16-24)31(29(30)36)18-10-4-12-20-33/h1-2,5-8,13-16,25-28,32-35H,3-4,9-12,17-22H2/t25-,26-,27+,28+/m1/s1
9	CCCCN1[C@H](Cc2ccccc2)[C@H](O)[C@@H](O)[C@@H](Cc2ccccc2)N(CCCC)C1=O	InChI=1S/C27H38N2O3/c1-3-5-17-28-23(19-21-13-9-7-10-14-21)25(30)26(31)24(20-22-15-11-8-12-16-22)29(27(28)32)18-6-4-2/h7-16,23-26,30-31H,3-6,17-20H2,1-2H3/t23-,24-,25+,26+/m1/s1
10	CC(C)=CCN1[C@H](Cc2ccccc2)[C@H](O)[C@@H](O)[C@@H](Cc2ccccc2)N(CC=C(C)C)C1=O	InChI=1S/C29H38N2O3/c1-21(2)15-17-30-25(19-23-11-7-5-8-12-23)27(32)28(33)26(20-24-13-9-6-10-14-24)31(29(30)34)18-16-22(3)4/h5-16,25-28,32-33H,17-20H2,1-4H3/t25-,26-,27+,28+/m1/s1
11	CCCCN1[C@H](Cc2ccccc2)[C@H](O)[C@@H](O)[C@@H](Cc2ccccc2)N(CC=C(C)C)C1=O	InChI=1S/C28H38N2O3/c1-4-5-17-29-24(19-22-12-8-6-9-13-22)26(31)27(32)25(20-23-14-10-7-11-15-23)30(28(29)33)18-16-21(2)3/h6-16,24-27,31-32H,4-5,17-20H2,1-3H3/t24-,25-,26+,27+/m1/s1
12	O[C@@H]1[C@@H](O)[C@@H](Cc2ccccc2)N(CC2CC2)C(=O)N(CC2CC2)[C@@H]1Cc1ccccc1	InChI=1S/C27H34N2O3/c30-25-23(15-19-7-3-1-4-8-19)28(17-21-11-12-21)27(32)29(18-22-13-14-22)24(26(25)31)16-20-9-5-2-6-10-20/h1-10,21-26,30-31H,11-18H2/t23-,24-,25+,26+/m1/s1
13	OCCCCCCN1[C@H](Cc2ccccc2)[C@H](O)[C@@H](O)[C@@H](Cc2ccccc2)N(CCCCCCO)C1=O	InChI=1S/C31H46N2O5/c34-21-13-3-1-11-19-32-27(23-25-15-7-5-8-16-25)29(36)30(37)28(24-26-17-9-6-10-18-26)33(31(32)38)20-12-2-4-14-22-35/h5-10,15-18,27-30,34-37H,1-4,11-14,19-24H2/t27-,28-,29+,30+/m1/s1
14	CC(C)=CCN1[C@H](Cc2ccccc2)[C@H](O)[C@@H](O)[C@@H](Cc2ccccc2)N(CC2CC2)C1=O	InChI=1S/C28H36N2O3/c1-20(2)15-16-29-24(17-21-9-5-3-6-10-21)26(31)27(32)25(18-22-11-7-4-8-12-22)30(28(29)33)19-23-13-14-23/h3-12,15,23-27,31-32H,13-14,16-19H2,1-2H3/t24-,25-,26+,27+/m1/s1
15	OC(Br)CCCCCN1[C@H](Cc2ccccc2)[C@H](O)[C@@H](O)[C@@H](Cc2ccccc2)N(CCCCCC(O)Br)C1=O	InChI=1S/C31H44Br2N2O5/c32-27(36)17-9-3-11-19-34-25(21-23-13-5-1-6-14-23)29(38)30(39)26(22-24-15-7-2-8-16-24)35(31(34)40)20-12-4-10-18-28(33)37/h1-2,5-8,13-16,25-30,36-39H,3-4,9-12,17-22H2/t25-,26-,27?,28?,29+,30+/m1/s1
16	CS(=O)(=O)CCCCCN1[C@H](Cc2ccccc2)[C@H](O)[C@@H](O)[C@@H](Cc2ccccc2)N(CCCCCO)C1=O	InChI=1S/C30H44N2O6S/c1-39(37,38)21-13-5-11-19-32-27(23-25-16-8-3-9-17-25)29(35)28(34)26(22-24-14-6-2-7-15-24)31(30(32)36)18-10-4-12-20-33/h2-3,6-9,14-17,26-29,33-35H,4-5,10-13,18-23H2,1H3/t26-,27-,28+,29+/m1/s1
17	OCCCCCCN1[C@H](Cc2ccccc2)[C@H](O)[C@@H](O)[C@@H](Cc2ccccc2)N(CCCCCO)C1=O	InChI=1S/C30H44N2O5/c33-20-12-2-1-10-18-31-26(22-24-14-6-3-7-15-24)28(35)29(36)27(23-25-16-8-4-9-17-25)32(30(31)37)19-11-5-13-21-34/h3-4,6-9,14-17,26-29,33-36H,1-2,5,10-13,18-23H2/t26-,27-,28+,29+/m1/s1
18	CC(C)=CCN1[C@H](Cc2ccccc2)[C@H](O)[C@@H](O)[C@@H](Cc2ccccc2)N(CC=C)C1=O	InChI=1S/C27H34N2O3/c1-4-16-28-23(18-21-11-7-5-8-12-21)25(30)26(31)24(19-22-13-9-6-10-14-22)29(27(28)32)17-15-20(2)3/h4-15,23-26,30-31H,1,16-19H2,2-3H3/t23-,24-,25+,26+/m1/s1
19	CC(O)CCCCN1[C@H](Cc2ccccc2)[C@H](O)[C@@H](O)[C@@H](Cc2ccccc2)N(CCCCC(C)O)C1=O	InChI=1S/C31H46N2O5/c1-23(34)13-9-11-19-32-27(21-25-15-5-3-6-16-25)29(36)30(37)28(22-26-17-7-4-8-18-26)33(31(32)38)20-12-10-14-24(2)35/h3-8,15-18,23-24,27-30,34-37H,9-14,19-22H2,1-2H3/t23?,24?,27-,28-,29+,30+/m1/s1
20	O[C@@H]1[C@@H](O)[C@@H](Cc2ccccc2)N(CC2CCCC2)C(=O)N(CC=C)[C@@H]1Cc1ccccc1	InChI=1S/C28H36N2O3/c1-2-17-29-24(18-21-11-5-3-6-12-21)26(31)27(32)25(19-22-13-7-4-8-14-22)30(28(29)33)20-23-15-9-10-16-23/h2-8,11-14,23-27,31-32H,1,9-10,15-20H2/t24-,25-,26+,27+/m1/s1
21	CS(=O)CCCCCN1[C@H](Cc2ccccc2)[C@H](O)[C@@H](O)[C@@H](Cc2ccccc2)N(CCCCCO)C1=O	InChI=1S/C30H44N2O5S/c1-38(37)21-13-5-11-19-32-27(23-25-16-8-3-9-17-25)29(35)28(34)26(22-24-14-6-2-7-15-24)31(30(32)36)18-10-4-12-20-33/h2-3,6-9,14-17,26-29,33-35H,4-5,10-13,18-23H2,1H3/t26-,27-,28+,29+,38?/m1/s1
22	O[C@@H]1[C@@H](O)[C@@H](Cc2ccccc2)N(CC2CC2)C(=O)N(CC=C)[C@@H]1Cc1ccccc1	InChI=1S/C26H32N2O3/c1-2-15-27-22(16-19-9-5-3-6-10-19)24(29)25(30)23(17-20-11-7-4-8-12-20)28(26(27)31)18-21-13-14-21/h2-12,21-25,29-30H,1,13-18H2/t22-,23-,24+,25+/m1/s1
23	OCC(O)CCCCN1[C@H](Cc2ccccc2)[C@H](O)[C@@H](O)[C@@H](Cc2ccccc2)N(CCCCC(O)CO)C1=O	InChI=1S/C31H46N2O7/c34-21-25(36)15-7-9-17-32-27(19-23-11-3-1-4-12-23)29(38)30(39)28(20-24-13-5-2-6-14-24)33(31(32)40)18-10-8-16-26(37)22-35/h1-6,11-14,25-30,34-39H,7-10,15-22H2/t25?,26?,27-,28-,29+,30+/m1/s1
24	O[C@@H]1[C@@H](O)[C@@H](Cc2ccccc2)N(CC2CCCC2)C(=O)N(CC2CCCC2)[C@@H]1Cc1ccccc1	InChI=1S/C31H42N2O3/c34-29-27(19-23-11-3-1-4-12-23)32(21-25-15-7-8-16-25)31(36)33(22-26-17-9-10-18-26)28(30(29)35)20-24-13-5-2-6-14-24/h1-6,11-14,25-30,34-35H,7-10,15-22H2/t27-,28-,29+,30+/m1/s1
25	CCCCN1[C@H](Cc2ccccc2)[C@H](O)[C@@H](O)[C@@H](Cc2ccccc2)N(CC=C)C1=O	InChI=1S/C26H34N2O3/c1-3-5-17-28-23(19-21-14-10-7-11-15-21)25(30)24(29)22(27(16-4-2)26(28)31)18-20-12-8-6-9-13-20/h4,6-15,22-25,29-30H,2-3,5,16-19H2,1H3/t22-,23-,24+,25+/m1/s1
26	CCCCCN1[C@H](Cc2ccccc2)[C@H](O)[C@@H](O)[C@@H](Cc2ccccc2)N(CCCCC)C1=O	InChI=1S/C29H42N2O3/c1-3-5-13-19-30-25(21-23-15-9-7-10-16-23)27(32)28(33)26(22-24-17-11-8-12-18-24)31(29(30)34)20-14-6-4-2/h7-12,15-18,25-28,32-33H,3-6,13-14,19-22H2,1-2H3/t25-,26-,27+,28+/m1/s1
27	O[C@@H]1[C@@H](O)[C@@H](Cc2ccccc2)N(CC2CCCC2)C(=O)N(CC2CC2)[C@@H]1Cc1ccccc1	InChI=1S/C29H38N2O3/c32-27-25(17-21-9-3-1-4-10-21)30(19-23-13-7-8-14-23)29(34)31(20-24-15-16-24)26(28(27)33)18-22-11-5-2-6-12-22/h1-6,9-12,23-28,32-33H,7-8,13-20H2/t25-,26-,27+,28+/m1/s1
28	COC(=O)CCCCCN1[C@H](Cc2ccccc2)[C@H](O)[C@@H](O)[C@@H](Cc2ccccc2)N(CCCCCC(O)=O)C1=O	InChI=1S/C32H44N2O7/c1-41-29(37)19-11-5-13-21-34-27(23-25-16-8-3-9-17-25)31(39)30(38)26(22-24-14-6-2-7-15-24)33(32(34)40)20-12-4-10-18-28(35)36/h2-3,6-9,14-17,26-27,30-31,38-39H,4-5,10-13,18-23H2,1H3,(H,35,36)/t26-,27-,30+,31+/m1/s1
29	CCCCN1[C@H](Cc2ccccc2)[C@H](O)[C@@H](O)[C@@H](Cc2ccccc2)N(CC2CCCC2)C1=O	InChI=1S/C29H40N2O3/c1-2-3-18-30-25(19-22-12-6-4-7-13-22)27(32)28(33)26(20-23-14-8-5-9-15-23)31(29(30)34)21-24-16-10-11-17-24/h4-9,12-15,24-28,32-33H,2-3,10-11,16-21H2,1H3/t25-,26-,27+,28+/m1/s1
30	O[C@@H]1[C@@H](O)[C@@H](Cc2ccccc2)N(CC=C)C(=O)N(CC=C)[C@@H]1Cc1ccccc1	InChI=1S/C25H30N2O3/c1-3-15-26-21(17-19-11-7-5-8-12-19)23(28)24(29)22(27(16-4-2)25(26)30)18-20-13-9-6-10-14-20/h3-14,21-24,28-29H,1-2,15-18H2/t21-,22-,23+,24+/m1/s1
31	CCCCCCN1[C@H](Cc2ccccc2)[C@H](O)[C@@H](O)[C@@H](Cc2ccccc2)N(CCCCCC)C1=O	InChI=1S/C31H46N2O3/c1-3-5-7-15-21-32-27(23-25-17-11-9-12-18-25)29(34)30(35)28(24-26-19-13-10-14-20-26)33(31(32)36)22-16-8-6-4-2/h9-14,17-20,27-30,34-35H,3-8,15-16,21-24H2,1-2H3/t27-,28-,29+,30+/m1/s1
32	O[C@@H]1[C@@H](O)[C@@H](Cc2ccccc2)N(CC2CC2)C(=O)N(C\C=C\c2ccccc2)[C@@H]1Cc1ccccc1	InChI=1S/C32H36N2O3/c35-30-28(21-25-13-6-2-7-14-25)33(20-10-17-24-11-4-1-5-12-24)32(37)34(23-27-18-19-27)29(31(30)36)22-26-15-8-3-9-16-26/h1-17,27-31,35-36H,18-23H2/b17-10+/t28-,29-,30+,31+/m1/s1
33	O[C@@H]1[C@@H](O)[C@@H](Cc2ccccc2)N(C\C=C\c2ccccc2)C(=O)N(C\C=C\c2ccccc2)[C@@H]1Cc1ccccc1	InChI=1S/C37H38N2O3/c40-35-33(27-31-19-9-3-10-20-31)38(25-13-23-29-15-5-1-6-16-29)37(42)39(26-14-24-30-17-7-2-8-18-30)34(36(35)41)28-32-21-11-4-12-22-32/h1-24,33-36,40-41H,25-28H2/b23-13+,24-14+/t33-,34-,35+,36+/m1/s1
34	CNC(=O)OCCCCCCN1[C@H](Cc2ccccc2)[C@H](O)[C@@H](O)[C@@H](Cc2ccccc2)N(CCCCCCO)C1=O	InChI=1S/C33H49N3O6/c1-34-32(40)42-23-15-5-3-13-21-36-29(25-27-18-10-7-11-19-27)31(39)30(38)28(24-26-16-8-6-9-17-26)35(33(36)41)20-12-2-4-14-22-37/h6-11,16-19,28-31,37-39H,2-5,12-15,20-25H2,1H3,(H,34,40)/t28-,29-,30+,31+/m1/s1
35	CC[C@H](C)CN(C[C@@H](O)[C@H](Cc1ccccc1)NC(=O)O[C@H]1CO[C@H]2OCC[C@@H]12)S(=O)(=O)c1ccc(N)cc1	InChI=1S/C28H39N3O7S/c1-3-19(2)16-31(39(34,35)22-11-9-21(29)10-12-22)17-25(32)24(15-20-7-5-4-6-8-20)30-28(33)38-26-18-37-27-23(26)13-14-36-27/h4-12,19,23-27,32H,3,13-18,29H2,1-2H3,(H,30,33)/t19-,23-,24-,25+,26-,27+/m0/s1
36	CNC(=O)n1cc(C=CCN2[C@H](Cc3ccccc3)[C@H](O)[C@@H](O)[C@@H](Cc3ccccc3)N(CC=Cc3cnn(c3)C(=O)NC)C2=O)cn1	InChI=1S/C35H40N8O5/c1-36-33(46)42-23-27(21-38-42)15-9-17-40-29(19-25-11-5-3-6-12-25)31(44)32(45)30(20-26-13-7-4-8-14-26)41(35(40)48)18-10-16-28-22-39-43(24-28)34(47)37-2/h3-16,21-24,29-32,44-45H,17-20H2,1-2H3,(H,36,46)(H,37,47)/t29-,30-,31+,32+/m1/s1
37	CC(C)CCCN1[C@H](Cc2ccccc2)[C@H](O)[C@@H](O)[C@@H](Cc2ccccc2)N(CCCC(C)C)C1=O	InChI=1S/C31H46N2O3/c1-23(2)13-11-19-32-27(21-25-15-7-5-8-16-25)29(34)30(35)28(22-26-17-9-6-10-18-26)33(31(32)36)20-12-14-24(3)4/h5-10,15-18,23-24,27-30,34-35H,11-14,19-22H2,1-4H3/t27-,28-,29+,30+/m1/s1
38	COCCCCCN1[C@H](Cc2ccccc2)[C@H](O)[C@@H](O)[C@@H](Cc2ccccc2)N(CCCCCO)C1=O	InChI=1S/C30H44N2O5/c1-37-21-13-5-11-19-32-27(23-25-16-8-3-9-17-25)29(35)28(34)26(22-24-14-6-2-7-15-24)31(30(32)36)18-10-4-12-20-33/h2-3,6-9,14-17,26-29,33-35H,4-5,10-13,18-23H2,1H3/t26-,27-,28+,29+/m1/s1
39	CCCN1[C@H](Cc2ccccc2)[C@H](O)[C@@H](O)[C@@H](Cc2ccccc2)N(CCC)C1=O	InChI=1S/C25H34N2O3/c1-3-15-26-21(17-19-11-7-5-8-12-19)23(28)24(29)22(27(16-4-2)25(26)30)18-20-13-9-6-10-14-20/h5-14,21-24,28-29H,3-4,15-18H2,1-2H3/t21-,22-,23+,24+/m1/s1
40	O[C@@H]1[C@@H](O)[C@@H](Cc2ccccc2)N(CCCCCNC(=O)OCc2cccnc2)C(=O)N(CCCCCNC(=O)OCc2cccnc2)[C@@H]1Cc1ccccc1	InChI=1S/C43H54N6O7/c50-39-37(27-33-15-5-1-6-16-33)48(25-11-3-9-23-46-41(52)55-31-35-19-13-21-44-29-35)43(54)49(38(40(39)51)28-34-17-7-2-8-18-34)26-12-4-10-24-47-42(53)56-32-36-20-14-22-45-30-36/h1-2,5-8,13-22,29-30,37-40,50-51H,3-4,9-12,23-28,31-32H2,(H,46,52)(H,47,53)/t37-,38-,39+,40+/m1/s1
41	O[C@@H]1[C@@H](O)[C@@H](Cc2ccccc2)N(CCCCC=C)C(=O)N(CCCCC=C)[C@@H]1Cc1ccccc1	InChI=1S/C31H42N2O3/c1-3-5-7-15-21-32-27(23-25-17-11-9-12-18-25)29(34)30(35)28(24-26-19-13-10-14-20-26)33(31(32)36)22-16-8-6-4-2/h3-4,9-14,17-20,27-30,34-35H,1-2,5-8,15-16,21-24H2/t27-,28-,29+,30+/m1/s1
42	O[C@@H]1[C@@H](O)[C@@H](Cc2ccccc2)N(CCCCCNC(=O)Oc2ccc(cc2)[N+]([O-])=O)C(=O)N(CCCCCNC(=O)OCc2ccncc2)[C@@H]1Cc1ccccc1	InChI=1S/C43H52N6O9/c50-39-37(29-32-13-5-1-6-14-32)47(27-11-3-9-23-45-41(52)57-31-34-21-25-44-26-22-34)43(54)48(38(40(39)51)30-33-15-7-2-8-16-33)28-12-4-10-24-46-42(53)58-36-19-17-35(18-20-36)49(55)56/h1-2,5-8,13-22,25-26,37-40,50-51H,3-4,9-12,23-24,27-31H2,(H,45,52)(H,46,53)/t37-,38-,39+,40+/m1/s1
43	CC(C)CCN1[C@H](Cc2ccccc2)[C@H](O)[C@@H](O)[C@@H](Cc2ccccc2)N(CCC(C)C)C1=O	InChI=1S/C29H42N2O3/c1-21(2)15-17-30-25(19-23-11-7-5-8-12-23)27(32)28(33)26(20-24-13-9-6-10-14-24)31(29(30)34)18-16-22(3)4/h5-14,21-22,25-28,32-33H,15-20H2,1-4H3/t25-,26-,27+,28+/m1/s1
44	O[C@@H]1[C@@H](O)[C@@H](Cc2ccccc2)N(CCCCC2CO2)C(=O)N(CCCCC2CO2)[C@@H]1Cc1ccccc1	InChI=1S/C31H42N2O5/c34-29-27(19-23-11-3-1-4-12-23)32(17-9-7-15-25-21-37-25)31(36)33(18-10-8-16-26-22-38-26)28(30(29)35)20-24-13-5-2-6-14-24/h1-6,11-14,25-30,34-35H,7-10,15-22H2/t25?,26?,27-,28-,29+,30+/m1/s1
45	O[C@@H]1[C@@H](O)[C@@H](Cc2ccccc2)N(CCCCCNC(=O)c2cccc(c2)C(F)(F)F)C(=O)N(CCCCCNC(=O)c2cccc(c2)C(F)(F)F)[C@@H]1Cc1ccccc1	InChI=1S/C45H50F6N4O5/c46-44(47,48)35-21-13-19-33(29-35)41(58)52-23-9-3-11-25-54-37(27-31-15-5-1-6-16-31)39(56)40(57)38(28-32-17-7-2-8-18-32)55(43(54)60)26-12-4-10-24-53-42(59)34-20-14-22-36(30-34)45(49,50)51/h1-2,5-8,13-22,29-30,37-40,56-57H,3-4,9-12,23-28H2,(H,52,58)(H,53,59)/t37-,38-,39+,40+/m1/s1
46	O[C@@H]1[C@@H](O)[C@@H](Cc2ccccc2)N(CCCCCNC(=O)Nc2ccccc2)C(=O)N(CCCCCNC(=O)Nc2ccccc2)[C@@H]1Cc1ccccc1	InChI=1S/C43H54N6O5/c50-39-37(31-33-19-7-1-8-20-33)48(29-17-5-15-27-44-41(52)46-35-23-11-3-12-24-35)43(54)49(38(40(39)51)32-34-21-9-2-10-22-34)30-18-6-16-28-45-42(53)47-36-25-13-4-14-26-36/h1-4,7-14,19-26,37-40,50-51H,5-6,15-18,27-32H2,(H2,44,46,52)(H2,45,47,53)/t37-,38-,39+,40+/m1/s1
47	O[C@@H]1[C@@H](O)[C@@H](Cc2ccccc2)N(CCCCCNC(=O)c2cccc(F)c2)C(=O)N(CCCCCNC(=O)c2cccc(F)c2)[C@@H]1Cc1ccccc1	InChI=1S/C43H50F2N4O5/c44-35-21-13-19-33(29-35)41(52)46-23-9-3-11-25-48-37(27-31-15-5-1-6-16-31)39(50)40(51)38(28-32-17-7-2-8-18-32)49(43(48)54)26-12-4-10-24-47-42(53)34-20-14-22-36(45)30-34/h1-2,5-8,13-22,29-30,37-40,50-51H,3-4,9-12,23-28H2,(H,46,52)(H,47,53)/t37-,38-,39+,40+/m1/s1
48	CC(CCCCN1[C@H](Cc2ccccc2)[C@H](O)[C@@H](O)[C@@H](Cc2ccccc2)N(CCCCC(C)N=O)C1=O)N=O	InChI=1S/C31H44N4O5/c1-23(32-39)13-9-11-19-34-27(21-25-15-5-3-6-16-25)29(36)30(37)28(22-26-17-7-4-8-18-26)35(31(34)38)20-12-10-14-24(2)33-40/h3-8,15-18,23-24,27-30,36-37H,9-14,19-22H2,1-2H3/t23?,24?,27-,28-,29+,30+/m1/s1
49	O[C@@H]1[C@@H](O)[C@@H](Cc2ccccc2)N(CCCCCNC(=O)c2ccncc2)C(=O)N(CCCCCNC(=O)c2ccncc2)[C@@H]1Cc1ccccc1	InChI=1S/C41H50N6O5/c48-37-35(29-31-13-5-1-6-14-31)46(27-11-3-9-21-44-39(50)33-17-23-42-24-18-33)41(52)47(36(38(37)49)30-32-15-7-2-8-16-32)28-12-4-10-22-45-40(51)34-19-25-43-26-20-34/h1-2,5-8,13-20,23-26,35-38,48-49H,3-4,9-12,21-22,27-30H2,(H,44,50)(H,45,51)/t35-,36-,37+,38+/m1/s1
50	O[C@@H]1[C@@H](O)[C@@H](Cc2ccccc2)N(CCCCCNC(=O)c2ccc(F)cc2)C(=O)N(CCCCCNC(=O)c2ccc(F)cc2)[C@@H]1Cc1ccccc1	InChI=1S/C43H50F2N4O5/c44-35-21-17-33(18-22-35)41(52)46-25-9-3-11-27-48-37(29-31-13-5-1-6-14-31)39(50)40(51)38(30-32-15-7-2-8-16-32)49(43(48)54)28-12-4-10-26-47-42(53)34-19-23-36(45)24-20-34/h1-2,5-8,13-24,37-40,50-51H,3-4,9-12,25-30H2,(H,46,52)(H,47,53)/t37-,38-,39+,40+/m1/s1
51	OCCCCCCN1[C@H](Cc2ccccc2)[C@H](O)[C@@H](O)[C@@H](Cc2ccccc2)N(CCCCCCCl)C1=O	InChI=1S/C31H45ClN2O4/c32-19-11-1-2-12-20-33-27(23-25-15-7-5-8-16-25)29(36)30(37)28(24-26-17-9-6-10-18-26)34(31(33)38)21-13-3-4-14-22-35/h5-10,15-18,27-30,35-37H,1-4,11-14,19-24H2/t27-,28-,29+,30+/m1/s1
52	O[C@@H]1[C@@H](O)[C@@H](Cc2ccccc2)N(CCCCCNC(=O)c2cc(F)cc(F)c2)C(=O)N(CCCCCNC(=O)c2cc(F)cc(F)c2)[C@@H]1Cc1ccccc1	InChI=1S/C43H48F4N4O5/c44-33-23-31(24-34(45)27-33)41(54)48-17-9-3-11-19-50-37(21-29-13-5-1-6-14-29)39(52)40(53)38(22-30-15-7-2-8-16-30)51(43(50)56)20-12-4-10-18-49-42(55)32-25-35(46)28-36(47)26-32/h1-2,5-8,13-16,23-28,37-40,52-53H,3-4,9-12,17-22H2,(H,48,54)(H,49,55)/t37-,38-,39+,40+/m1/s1
53	O[C@@H]1[C@@H](O)[C@@H](Cc2ccccc2)N(CCCCCC(Br)Br)C(=O)N(CCCCCC(Br)Br)[C@@H]1Cc1ccccc1	InChI=1S/C31H42Br4N2O3/c32-27(33)17-9-3-11-19-36-25(21-23-13-5-1-6-14-23)29(38)30(39)26(22-24-15-7-2-8-16-24)37(31(36)40)20-12-4-10-18-28(34)35/h1-2,5-8,13-16,25-30,38-39H,3-4,9-12,17-22H2/t25-,26-,29+,30+/m1/s1
54	O[C@@H]1[C@@H](O)[C@@H](Cc2ccccc2)N(C\C=C\c2ccccc2O)C(=O)N(C\C=C\c2ccccc2O)[C@@H]1Cc1ccccc1	InChI=1S/C37H38N2O5/c40-33-21-9-7-17-29(33)19-11-23-38-31(25-27-13-3-1-4-14-27)35(42)36(43)32(26-28-15-5-2-6-16-28)39(37(38)44)24-12-20-30-18-8-10-22-34(30)41/h1-22,31-32,35-36,40-43H,23-26H2/b19-11+,20-12+/t31-,32-,35+,36+/m1/s1
55	CSCCCCCN1[C@H](Cc2ccccc2)[C@H](O)[C@@H](O)[C@@H](Cc2ccccc2)N(CCCCCO)C1=O	InChI=1S/C30H44N2O4S/c1-37-21-13-5-11-19-32-27(23-25-16-8-3-9-17-25)29(35)28(34)26(22-24-14-6-2-7-15-24)31(30(32)36)18-10-4-12-20-33/h2-3,6-9,14-17,26-29,33-35H,4-5,10-13,18-23H2,1H3/t26-,27-,28+,29+/m1/s1
56	COC(=O)CCCCCN1[C@H](Cc2ccccc2)[C@H](O)[C@@H](O)[C@@H](Cc2ccccc2)N(CCCCCC(=O)OC)C1=O	InChI=1S/C33H46N2O7/c1-41-29(36)19-11-5-13-21-34-27(23-25-15-7-3-8-16-25)31(38)32(39)28(24-26-17-9-4-10-18-26)35(33(34)40)22-14-6-12-20-30(37)42-2/h3-4,7-10,15-18,27-28,31-32,38-39H,5-6,11-14,19-24H2,1-2H3/t27-,28-,31+,32+/m1/s1
57	CC(C)CCCCN1[C@H](Cc2ccccc2)[C@H](O)[C@@H](O)[C@@H](Cc2ccccc2)N(CCCCC(C)C)C1=O	InChI=1S/C33H50N2O3/c1-25(2)15-11-13-21-34-29(23-27-17-7-5-8-18-27)31(36)32(37)30(24-28-19-9-6-10-20-28)35(33(34)38)22-14-12-16-26(3)4/h5-10,17-20,25-26,29-32,36-37H,11-16,21-24H2,1-4H3/t29-,30-,31+,32+/m1/s1
58	CNS(=O)(=O)OCCCCCCN1[C@H](Cc2ccccc2)[C@H](O)[C@@H](O)[C@@H](Cc2ccccc2)N(CCCCCCO)C1=O	InChI=1S/C32H49N3O7S/c1-33-43(40,41)42-23-15-5-3-13-21-35-29(25-27-18-10-7-11-19-27)31(38)30(37)28(24-26-16-8-6-9-17-26)34(32(35)39)20-12-2-4-14-22-36/h6-11,16-19,28-31,33,36-38H,2-5,12-15,20-25H2,1H3/t28-,29-,30+,31+/m1/s1
59	CC(=O)OCCCCCCN1[C@H](Cc2ccccc2)[C@H](O)[C@@H](O)[C@@H](Cc2ccccc2)N(CCCCCCO)C1=O	InChI=1S/C33H48N2O6/c1-26(37)41-23-15-5-3-13-21-35-30(25-28-18-10-7-11-19-28)32(39)31(38)29(24-27-16-8-6-9-17-27)34(33(35)40)20-12-2-4-14-22-36/h6-11,16-19,29-32,36,38-39H,2-5,12-15,20-25H2,1H3/t29-,30-,31+,32+/m1/s1
60	OCC1CC1CN1[C@H](Cc2ccccc2)[C@H](O)[C@@H](O)[C@@H](Cc2ccccc2)N(CC2CC2CO)C1=O	InChI=1S/C29H38N2O5/c32-17-23-13-21(23)15-30-25(11-19-7-3-1-4-8-19)27(34)28(35)26(12-20-9-5-2-6-10-20)31(29(30)36)16-22-14-24(22)18-33/h1-10,21-28,32-35H,11-18H2/t21?,22?,23?,24?,25-,26-,27+,28+/m1/s1
61	OCCCCCCCN1[C@H](Cc2ccccc2)[C@H](O)[C@@H](O)[C@@H](Cc2ccccc2)N(CCCCCCCO)C1=O	InChI=1S/C33H50N2O5/c36-23-15-5-1-3-13-21-34-29(25-27-17-9-7-10-18-27)31(38)32(39)30(26-28-19-11-8-12-20-28)35(33(34)40)22-14-4-2-6-16-24-37/h7-12,17-20,29-32,36-39H,1-6,13-16,21-26H2/t29-,30-,31+,32+/m1/s1
62	CNC(=O)CCCCCN1[C@H](Cc2ccccc2)[C@H](O)[C@@H](O)[C@@H](Cc2ccccc2)N(CCCCCC(=O)NC)C1=O	InChI=1S/C33H48N4O5/c1-34-29(38)19-11-5-13-21-36-27(23-25-15-7-3-8-16-25)31(40)32(41)28(24-26-17-9-4-10-18-26)37(33(36)42)22-14-6-12-20-30(39)35-2/h3-4,7-10,15-18,27-28,31-32,40-41H,5-6,11-14,19-24H2,1-2H3,(H,34,38)(H,35,39)/t27-,28-,31+,32+/m1/s1
63	CC(C)(C)CCN1[C@H](Cc2ccccc2)[C@H](O)[C@@H](O)[C@@H](Cc2ccccc2)N(CCC(C)(C)C)C1=O	InChI=1S/C31H46N2O3/c1-30(2,3)17-19-32-25(21-23-13-9-7-10-14-23)27(34)28(35)26(22-24-15-11-8-12-16-24)33(29(32)36)20-18-31(4,5)6/h7-16,25-28,34-35H,17-22H2,1-6H3/t25-,26-,27+,28+/m1/s1
64	O[C@@H]1[C@@H](O)[C@@H](Cc2ccccc2)N(CC2CCCCC2)C(=O)N(CC2CCCCC2)[C@@H]1Cc1ccccc1	InChI=1S/C33H46N2O3/c36-31-29(21-25-13-5-1-6-14-25)34(23-27-17-9-3-10-18-27)33(38)35(24-28-19-11-4-12-20-28)30(32(31)37)22-26-15-7-2-8-16-26/h1-2,5-8,13-16,27-32,36-37H,3-4,9-12,17-24H2/t29-,30-,31+,32+/m1/s1
65	O[C@@H]1[C@@H](O)[C@@H](Cc2ccccc2)N(CCCc2ccccc2)C(=O)N(CCCc2ccccc2)[C@@H]1Cc1ccccc1	InChI=1S/C37H42N2O3/c40-35-33(27-31-19-9-3-10-20-31)38(25-13-23-29-15-5-1-6-16-29)37(42)39(26-14-24-30-17-7-2-8-18-30)34(36(35)41)28-32-21-11-4-12-22-32/h1-12,15-22,33-36,40-41H,13-14,23-28H2/t33-,34-,35+,36+/m1/s1
66	COCCOCn1cc(\C=C\CN2[C@H](Cc3ccccc3)[C@H](O)[C@@H](O)[C@@H](Cc3ccccc3)N(C\C=C\c3cnn(COCCOC)c3)C2=O)cn1	InChI=1S/C39H50N6O7/c1-49-19-21-51-29-42-27-33(25-40-42)15-9-17-44-35(23-31-11-5-3-6-12-31)37(46)38(47)36(24-32-13-7-4-8-14-32)45(39(44)48)18-10-16-34-26-41-43(28-34)30-52-22-20-50-2/h3-16,25-28,35-38,46-47H,17-24,29-30H2,1-2H3/b15-9+,16-10+/t35-,36-,37+,38+/m1/s1
67	OCCCCN1[C@H](Cc2ccccc2)[C@H](O)[C@@H](O)[C@@H](Cc2ccccc2)N(CCCCO)C1=O	InChI=1S/C27H38N2O5/c30-17-9-7-15-28-23(19-21-11-3-1-4-12-21)25(32)26(33)24(20-22-13-5-2-6-14-22)29(27(28)34)16-8-10-18-31/h1-6,11-14,23-26,30-33H,7-10,15-20H2/t23-,24-,25+,26+/m1/s1
68	CNC(=O)OCCCCCCN1[C@H](Cc2ccccc2)[C@H](O)[C@@H](O)[C@@H](Cc2ccccc2)N(CCCCCCOC(=O)NC)C1=O	InChI=1S/C35H52N4O7/c1-36-33(42)45-23-15-5-3-13-21-38-29(25-27-17-9-7-10-18-27)31(40)32(41)30(26-28-19-11-8-12-20-28)39(35(38)44)22-14-4-6-16-24-46-34(43)37-2/h7-12,17-20,29-32,40-41H,3-6,13-16,21-26H2,1-2H3,(H,36,42)(H,37,43)/t29-,30-,31+,32+/m1/s1
69	CC(C)(O)CCCCN1[C@H](Cc2ccccc2)[C@H](O)[C@@H](O)[C@@H](Cc2ccccc2)N(CCCCC(C)(C)O)C1=O	InChI=1S/C33H50N2O5/c1-32(2,39)19-11-13-21-34-27(23-25-15-7-5-8-16-25)29(36)30(37)28(24-26-17-9-6-10-18-26)35(31(34)38)22-14-12-20-33(3,4)40/h5-10,15-18,27-30,36-37,39-40H,11-14,19-24H2,1-4H3/t27-,28-,29+,30+/m1/s1
70	C\C(=C/CN1[C@H](Cc2ccccc2)[C@H](O)[C@@H](O)[C@@H](Cc2ccccc2)N(C\C=C(/C)C(O)=O)C1=O)C(O)=O	InChI=1S/C29H34N2O7/c1-19(27(34)35)13-15-30-23(17-21-9-5-3-6-10-21)25(32)26(33)24(18-22-11-7-4-8-12-22)31(29(30)38)16-14-20(2)28(36)37/h3-14,23-26,32-33H,15-18H2,1-2H3,(H,34,35)(H,36,37)/b19-13+,20-14+/t23-,24-,25+,26+/m1/s1
71	CC(C)CN1[C@H](Cc2ccccc2)[C@H](O)[C@@H](O)[C@@H](Cc2ccccc2)N(CC(C)C)C1=O	InChI=1S/C27H38N2O3/c1-19(2)17-28-23(15-21-11-7-5-8-12-21)25(30)26(31)24(16-22-13-9-6-10-14-22)29(27(28)32)18-20(3)4/h5-14,19-20,23-26,30-31H,15-18H2,1-4H3/t23-,24-,25+,26+/m1/s1
72	OCCCN1[C@H](Cc2ccccc2)[C@H](O)[C@@H](O)[C@@H](Cc2ccccc2)N(CCCO)C1=O	InChI=1S/C25H34N2O5/c28-15-7-13-26-21(17-19-9-3-1-4-10-19)23(30)24(31)22(18-20-11-5-2-6-12-20)27(25(26)32)14-8-16-29/h1-6,9-12,21-24,28-31H,7-8,13-18H2/t21-,22-,23+,24+/m1/s1
73	O[C@@H]1[C@@H](O)[C@@H](Cc2ccccc2)N(CCCCCNC(=O)c2ccccc2)C(=O)N(CCCCCNC(=O)c2ccccc2)[C@@H]1Cc1ccccc1	InChI=1S/C43H52N4O5/c48-39-37(31-33-19-7-1-8-20-33)46(29-17-5-15-27-44-41(50)35-23-11-3-12-24-35)43(52)47(38(40(39)49)32-34-21-9-2-10-22-34)30-18-6-16-28-45-42(51)36-25-13-4-14-26-36/h1-4,7-14,19-26,37-40,48-49H,5-6,15-18,27-32H2,(H,44,50)(H,45,51)/t37-,38-,39+,40+/m1/s1
74	O[C@@H]1[C@@H](O)[C@@H](Cc2ccccc2)N(CCOC=C)C(=O)N(CCOC=C)[C@@H]1Cc1ccccc1	InChI=1S/C27H34N2O5/c1-3-33-17-15-28-23(19-21-11-7-5-8-12-21)25(30)26(31)24(20-22-13-9-6-10-14-22)29(27(28)32)16-18-34-4-2/h3-14,23-26,30-31H,1-2,15-20H2/t23-,24-,25+,26+/m1/s1
75	CC(=O)CCCCN1[C@H](Cc2ccccc2)[C@H](O)[C@@H](O)[C@@H](Cc2ccccc2)N(CCCCC(C)=O)C1=O	InChI=1S/C31H42N2O5/c1-23(34)13-9-11-19-32-27(21-25-15-5-3-6-16-25)29(36)30(37)28(22-26-17-7-4-8-18-26)33(31(32)38)20-12-10-14-24(2)35/h3-8,15-18,27-30,36-37H,9-14,19-22H2,1-2H3/t27-,28-,29+,30+/m1/s1
76	O[C@@H]1[C@@H](O)[C@@H](Cc2ccccc2)N(CCCCC#N)C(=O)N(CCCCC#N)[C@@H]1Cc1ccccc1	InChI=1S/C29H36N4O3/c30-17-9-3-11-19-32-25(21-23-13-5-1-6-14-23)27(34)28(35)26(22-24-15-7-2-8-16-24)33(29(32)36)20-12-4-10-18-31/h1-2,5-8,13-16,25-28,34-35H,3-4,9-12,19-22H2/t25-,26-,27+,28+/m1/s1
77	CCCCN1[C@H](Cc2ccccc2)[C@H](O)[C@@H](O)[C@@H](Cc2ccccc2)N(CCc2ccccc2)C1=O	InChI=1S/C31H38N2O3/c1-2-3-20-32-27(22-25-15-9-5-10-16-25)29(34)30(35)28(23-26-17-11-6-12-18-26)33(31(32)36)21-19-24-13-7-4-8-14-24/h4-18,27-30,34-35H,2-3,19-23H2,1H3/t27-,28-,29+,30+/m1/s1
78	COCCCCCN1[C@H](Cc2ccccc2)[C@H](O)[C@@H](O)[C@@H](Cc2ccccc2)N(CCCCCOC)C1=O	InChI=1S/C31H46N2O5/c1-37-21-13-5-11-19-32-27(23-25-15-7-3-8-16-25)29(34)30(35)28(24-26-17-9-4-10-18-26)33(31(32)36)20-12-6-14-22-38-2/h3-4,7-10,15-18,27-30,34-35H,5-6,11-14,19-24H2,1-2H3/t27-,28-,29+,30+/m1/s1
79	CCN1[C@H](Cc2ccccc2)[C@H](O)[C@@H](O)[C@@H](Cc2ccccc2)N(CC)C1=O	InChI=1S/C23H30N2O3/c1-3-24-19(15-17-11-7-5-8-12-17)21(26)22(27)20(25(4-2)23(24)28)16-18-13-9-6-10-14-18/h5-14,19-22,26-27H,3-4,15-16H2,1-2H3/t19-,20-,21+,22+/m1/s1
80	CC(C)CCCCCN1[C@H](Cc2ccccc2)[C@H](O)[C@@H](O)[C@@H](Cc2ccccc2)N(CCCCCC(C)C)C1=O	InChI=1S/C35H54N2O3/c1-27(2)17-9-7-15-23-36-31(25-29-19-11-5-12-20-29)33(38)34(39)32(26-30-21-13-6-14-22-30)37(35(36)40)24-16-8-10-18-28(3)4/h5-6,11-14,19-22,27-28,31-34,38-39H,7-10,15-18,23-26H2,1-4H3/t31-,32-,33+,34+/m1/s1
81	CNC(=O)OCCCCCN1[C@H](Cc2ccccc2)[C@H](O)[C@@H](O)[C@@H](Cc2ccccc2)N(CCCCCOC(=O)NC)C1=O	InChI=1S/C33H48N4O7/c1-34-31(40)43-21-13-5-11-19-36-27(23-25-15-7-3-8-16-25)29(38)30(39)28(24-26-17-9-4-10-18-26)37(33(36)42)20-12-6-14-22-44-32(41)35-2/h3-4,7-10,15-18,27-30,38-39H,5-6,11-14,19-24H2,1-2H3,(H,34,40)(H,35,41)/t27-,28-,29+,30+/m1/s1
82	CNC(=S)NCCCCCN1[C@H](Cc2ccccc2)[C@H](O)[C@@H](O)[C@@H](Cc2ccccc2)N(CCCCCNC(=S)NC)C1=O	InChI=1S/C33H50N6O3S2/c1-34-31(43)36-19-11-5-13-21-38-27(23-25-15-7-3-8-16-25)29(40)30(41)28(24-26-17-9-4-10-18-26)39(33(38)42)22-14-6-12-20-37-32(44)35-2/h3-4,7-10,15-18,27-30,40-41H,5-6,11-14,19-24H2,1-2H3,(H2,34,36,43)(H2,35,37,44)/t27-,28-,29+,30+/m1/s1
83	O[C@@H]1[C@@H](O)[C@@H](Cc2ccccc2)N(CC=C)C(=O)N(CCCN2C(=O)c3ccccc3C2=O)[C@@H]1Cc1ccccc1	InChI=1S/C33H35N3O5/c1-2-18-34-27(21-23-12-5-3-6-13-23)29(37)30(38)28(22-24-14-7-4-8-15-24)35(33(34)41)19-11-20-36-31(39)25-16-9-10-17-26(25)32(36)40/h2-10,12-17,27-30,37-38H,1,11,18-22H2/t27-,28-,29+,30+/m1/s1
84	CC(C)(CO)CCCCN1[C@H](Cc2ccccc2)[C@H](O)[C@@H](O)[C@@H](Cc2ccccc2)N(CCCCC(C)(C)CO)C1=O	InChI=1S/C35H54N2O5/c1-34(2,25-38)19-11-13-21-36-29(23-27-15-7-5-8-16-27)31(40)32(41)30(24-28-17-9-6-10-18-28)37(33(36)42)22-14-12-20-35(3,4)26-39/h5-10,15-18,29-32,38-41H,11-14,19-26H2,1-4H3/t29-,30-,31+,32+/m1/s1
85	O[C@@H]1[C@@H](O)[C@@H](Cc2ccccc2)N(CCCC(N=O)c2ccc(F)cc2)C(=O)N(CCCC(N=O)c2ccc(F)cc2)[C@@H]1Cc1ccccc1	InChI=1S/C39H42F2N4O5/c40-31-19-15-29(16-20-31)33(42-49)13-7-23-44-35(25-27-9-3-1-4-10-27)37(46)38(47)36(26-28-11-5-2-6-12-28)45(39(44)48)24-8-14-34(43-50)30-17-21-32(41)22-18-30/h1-6,9-12,15-22,33-38,46-47H,7-8,13-14,23-26H2/t33?,34?,35-,36-,37+,38+/m1/s1
86	CNC(=O)OCCCCCCN1[C@H](Cc2ccccc2)[C@H](O)[C@@H](O)[C@@H](Cc2ccccc2)N(CCCCCCOC(C)=O)C1=O	InChI=1S/C35H51N3O7/c1-27(39)44-23-15-5-3-13-21-37-30(25-28-17-9-7-10-18-28)32(40)33(41)31(26-29-19-11-8-12-20-29)38(35(37)43)22-14-4-6-16-24-45-34(42)36-2/h7-12,17-20,30-33,40-41H,3-6,13-16,21-26H2,1-2H3,(H,36,42)/t30-,31-,32+,33+/m1/s1
87	O[C@@H]1[C@@H](O)[C@@H](Cc2ccccc2)N(CCCCCNC(=O)CN2CCOCC2)C(=O)N(CCCCCNC(=O)CN2CCOCC2)[C@@H]1Cc1ccccc1	InChI=1S/C41H62N6O7/c48-37(31-44-21-25-53-26-22-44)42-17-9-3-11-19-46-35(29-33-13-5-1-6-14-33)39(50)40(51)36(30-34-15-7-2-8-16-34)47(41(46)52)20-12-4-10-18-43-38(49)32-45-23-27-54-28-24-45/h1-2,5-8,13-16,35-36,39-40,50-51H,3-4,9-12,17-32H2,(H,42,48)(H,43,49)/t35-,36-,39+,40+/m1/s1
88	CS(=O)(=O)NCCCCCN1[C@H](Cc2ccccc2)[C@H](O)[C@@H](O)[C@@H](Cc2ccccc2)N(CCCCCNS(C)(=O)=O)C1=O	InChI=1S/C31H48N4O7S2/c1-43(39,40)32-19-11-5-13-21-34-27(23-25-15-7-3-8-16-25)29(36)30(37)28(24-26-17-9-4-10-18-26)35(31(34)38)22-14-6-12-20-33-44(2,41)42/h3-4,7-10,15-18,27-30,32-33,36-37H,5-6,11-14,19-24H2,1-2H3/t27-,28-,29+,30+/m1/s1
89	CNCC(=O)NCCCCCN1[C@H](Cc2ccccc2)[C@H](O)[C@@H](O)[C@@H](Cc2ccccc2)N(CCCCCNC(=O)CNC)C1=O	InChI=1S/C35H54N6O5/c1-36-25-31(42)38-19-11-5-13-21-40-29(23-27-15-7-3-8-16-27)33(44)34(45)30(24-28-17-9-4-10-18-28)41(35(40)46)22-14-6-12-20-39-32(43)26-37-2/h3-4,7-10,15-18,29-30,33-34,36-37,44-45H,5-6,11-14,19-26H2,1-2H3,(H,38,42)(H,39,43)/t29-,30-,33+,34+/m1/s1
90	Cc1ccc(cc1)S(=O)(=O)NCCCCCN1[C@H](Cc2ccccc2)[C@H](O)[C@@H](O)[C@@H](Cc2ccccc2)N(CCCCCNS(=O)(=O)c2ccc(C)cc2)C1=O	InChI=1S/C43H56N4O7S2/c1-33-19-23-37(24-20-33)55(51,52)44-27-11-5-13-29-46-39(31-35-15-7-3-8-16-35)41(48)42(49)40(32-36-17-9-4-10-18-36)47(43(46)50)30-14-6-12-28-45-56(53,54)38-25-21-34(2)22-26-38/h3-4,7-10,15-26,39-42,44-45,48-49H,5-6,11-14,27-32H2,1-2H3/t39-,40-,41+,42+/m1/s1
91	O[C@@H]1[C@@H](O)[C@@H](Cc2ccccc2)N(CCCCCNC(=O)c2ccccc2F)C(=O)N(CCCCCNC(=O)c2ccccc2F)[C@@H]1Cc1ccccc1	InChI=1S/C43H50F2N4O5/c44-35-23-11-9-21-33(35)41(52)46-25-13-3-15-27-48-37(29-31-17-5-1-6-18-31)39(50)40(51)38(30-32-19-7-2-8-20-32)49(43(48)54)28-16-4-14-26-47-42(53)34-22-10-12-24-36(34)45/h1-2,5-12,17-24,37-40,50-51H,3-4,13-16,25-30H2,(H,46,52)(H,47,53)/t37-,38-,39+,40+/m1/s1
92	CCCCCCCN1[C@H](Cc2ccccc2)[C@H](O)[C@@H](O)[C@@H](Cc2ccccc2)N(CCCCCCC)C1=O	InChI=1S/C33H50N2O3/c1-3-5-7-9-17-23-34-29(25-27-19-13-11-14-20-27)31(36)32(37)30(26-28-21-15-12-16-22-28)35(33(34)38)24-18-10-8-6-4-2/h11-16,19-22,29-32,36-37H,3-10,17-18,23-26H2,1-2H3/t29-,30-,31+,32+/m1/s1
93	O[C@@H]1[C@@H](O)[C@@H](Cc2ccccc2)N(CCCCCNC(=S)Nc2ccccc2)C(=O)N(CCCCCNC(=S)Nc2ccccc2)[C@@H]1Cc1ccccc1	InChI=1S/C43H54N6O3S2/c50-39-37(31-33-19-7-1-8-20-33)48(29-17-5-15-27-44-41(53)46-35-23-11-3-12-24-35)43(52)49(38(40(39)51)32-34-21-9-2-10-22-34)30-18-6-16-28-45-42(54)47-36-25-13-4-14-26-36/h1-4,7-14,19-26,37-40,50-51H,5-6,15-18,27-32H2,(H2,44,46,53)(H2,45,47,54)/t37-,38-,39+,40+/m1/s1
94	CNC(=O)NCCCCCN1[C@H](Cc2ccccc2)[C@H](O)[C@@H](O)[C@@H](Cc2ccccc2)N(CCCCCNC(=O)NC)C1=O	InChI=1S/C33H50N6O5/c1-34-31(42)36-19-11-5-13-21-38-27(23-25-15-7-3-8-16-25)29(40)30(41)28(24-26-17-9-4-10-18-26)39(33(38)44)22-14-6-12-20-37-32(43)35-2/h3-4,7-10,15-18,27-30,40-41H,5-6,11-14,19-24H2,1-2H3,(H2,34,36,42)(H2,35,37,43)/t27-,28-,29+,30+/m1/s1
95	CSc1nnc(NCC=CCN2[C@H](Cc3ccccc3)[C@H](O)[C@@H](O)[C@@H](Cc3ccccc3)N(CC=CCNc3nnc(SC)[nH]3)C2=O)[nH]1	InChI=1S/C33H42N10O3S2/c1-47-31-36-29(38-40-31)34-17-9-11-19-42-25(21-23-13-5-3-6-14-23)27(44)28(45)26(22-24-15-7-4-8-16-24)43(33(42)46)20-12-10-18-35-30-37-32(48-2)41-39-30/h3-16,25-28,44-45H,17-22H2,1-2H3,(H2,34,36,38,40)(H2,35,37,39,41)/t25-,26-,27+,28+/m1/s1
96	COC(=O)NCCCCCN1[C@H](Cc2ccccc2)[C@H](O)[C@@H](O)[C@@H](Cc2ccccc2)N(CCCCCNC(=O)OC)C1=O	InChI=1S/C33H48N4O7/c1-43-31(40)34-19-11-5-13-21-36-27(23-25-15-7-3-8-16-25)29(38)30(39)28(24-26-17-9-4-10-18-26)37(33(36)42)22-14-6-12-20-35-32(41)44-2/h3-4,7-10,15-18,27-30,38-39H,5-6,11-14,19-24H2,1-2H3,(H,34,40)(H,35,41)/t27-,28-,29+,30+/m1/s1
97	CC(=O)NCCCCCN1[C@H](Cc2ccccc2)[C@H](O)[C@@H](O)[C@@H](Cc2ccccc2)N(CCCCCNC(C)=O)C1=O	InChI=1S/C33H48N4O5/c1-25(38)34-19-11-5-13-21-36-29(23-27-15-7-3-8-16-27)31(40)32(41)30(24-28-17-9-4-10-18-28)37(33(36)42)22-14-6-12-20-35-26(2)39/h3-4,7-10,15-18,29-32,40-41H,5-6,11-14,19-24H2,1-2H3,(H,34,38)(H,35,39)/t29-,30-,31+,32+/m1/s1
98	O[C@@H]1[C@@H](O)[C@@H](Cc2ccccc2)N(C[C@@H]2CC2(c2ccccc2)c2ccccc2)C(=O)N(C[C@@H]2CC2(c2ccccc2)c2ccccc2)[C@@H]1Cc1ccccc1	InChI=1S/C51H50N2O3/c54-47-45(31-37-19-7-1-8-20-37)52(35-43-33-50(43,39-23-11-3-12-24-39)40-25-13-4-14-26-40)49(56)53(46(48(47)55)32-38-21-9-2-10-22-38)36-44-34-51(44,41-27-15-5-16-28-41)42-29-17-6-18-30-42/h1-30,43-48,54-55H,31-36H2/t43-,44-,45+,46+,47-,48-/m0/s1
99	O[C@@H]1[C@@H](O)[C@@H](Cc2ccccc2)N(C[C@@H]2C[C@H]2c2ccccc2)C(=O)N(C[C@H]2C[C@@H]2c2ccccc2)[C@@H]1Cc1ccccc1	InChI=1S/C39H42N2O3/c42-37-35(21-27-13-5-1-6-14-27)40(25-31-23-33(31)29-17-9-3-10-18-29)39(44)41(26-32-24-34(32)30-19-11-4-12-20-30)36(38(37)43)22-28-15-7-2-8-16-28/h1-20,31-38,42-43H,21-26H2/t31-,32+,33-,34+,35-,36-,37+,38+/m1/s1
100	OCCCCCCCCN1[C@H](Cc2ccccc2)[C@H](O)[C@@H](O)[C@@H](Cc2ccccc2)N(CCCCCCCCO)C1=O	InChI=1S/C35H54N2O5/c38-25-17-7-3-1-5-15-23-36-31(27-29-19-11-9-12-20-29)33(40)34(41)32(28-30-21-13-10-14-22-30)37(35(36)42)24-16-6-2-4-8-18-26-39/h9-14,19-22,31-34,38-41H,1-8,15-18,23-28H2/t31-,32-,33+,34+/m1/s1
